"quarter","department","day","team","targeted_productivity","smv","idle_men","no_of_style_change","actual_productivity"
"Quarter1","sweing","Thursday",8,0.8,26.16,0,0,0.940725424
"Quarter1","finishing","Thursday",1,0.75,3.94,0,0,0.8865
"Quarter1","sweing","Thursday",11,0.8,11.41,0,0,0.800570492
"Quarter1","sweing","Thursday",12,0.8,11.41,0,0,0.800570492
"Quarter1","sweing","Thursday",6,0.8,25.9,0,0,0.800381944
"Quarter1","sweing","Thursday",7,0.8,25.9,0,0,0.800125
"Quarter1","finishing","Thursday",2,0.75,3.94,0,0,0.755166667
"Quarter1","sweing","Thursday",3,0.75,28.08,0,0,0.753683478
"Quarter1","sweing","Thursday",2,0.75,19.87,0,0,0.753097531
"Quarter1","sweing","Thursday",1,0.75,28.08,0,0,0.750427826
"Quarter1","sweing","Thursday",9,0.7,28.08,0,0,0.721126957
"Quarter1","sweing","Thursday",10,0.75,19.31,0,0,0.712205247
"Quarter1","sweing","Thursday",5,0.8,11.41,0,0,0.707045902
"Quarter1","finishing","Thursday",10,0.65,3.94,0,0,0.705916667
"Quarter1","finishing","Thursday",8,0.75,2.9,0,0,0.676666667
"Quarter1","finishing","Thursday",4,0.75,3.94,0,0,0.593055556
"Quarter1","finishing","Thursday",7,0.8,2.9,0,0,0.540729167
"Quarter1","sweing","Thursday",4,0.65,23.69,0,0,0.52118
"Quarter1","finishing","Thursday",11,0.7,4.15,0,0,0.436326389
"Quarter1","finishing","Saturday",4,0.8,4.15,0,0,0.988024691
"Quarter1","finishing","Saturday",11,0.75,2.9,0,0,0.987880435
"Quarter1","finishing","Saturday",9,0.8,4.15,0,0,0.956270833
"Quarter1","finishing","Saturday",3,0.75,3.94,0,0,0.945277778
"Quarter1","finishing","Saturday",1,0.8,3.94,0,0,0.902916667
"Quarter1","sweing","Saturday",1,0.8,28.08,0,0,0.800725314
"Quarter1","sweing","Saturday",3,0.8,28.08,0,0,0.800322936
"Quarter1","sweing","Saturday",8,0.8,26.16,0,0,0.800318644
"Quarter1","sweing","Saturday",12,0.8,26.16,0,0,0.800318644
"Quarter1","sweing","Saturday",11,0.8,11.61,0,0,0.800237288
"Quarter1","sweing","Saturday",5,0.8,11.61,0,0,0.800148649
"Quarter1","sweing","Saturday",6,0.8,25.9,0,0,0.800125
"Quarter1","sweing","Saturday",7,0.8,25.9,0,0,0.800125
"Quarter1","sweing","Saturday",10,0.75,19.31,0,0,0.787299691
"Quarter1","finishing","Saturday",2,0.8,4.15,0,0,0.782447917
"Quarter1","sweing","Saturday",2,0.75,19.87,0,0,0.75024303
"Quarter1","finishing","Saturday",10,0.7,4.15,0,0,0.7018125
"Quarter1","sweing","Saturday",4,0.7,23.69,0,0,0.700134038
"Quarter1","sweing","Saturday",9,0.7,28.08,0,0,0.699965217
"Quarter1","finishing","Saturday",8,0.8,2.9,0,0,0.628333333
"Quarter1","finishing","Saturday",7,0.8,3.94,0,0,0.6253125
"Quarter1","finishing","Sunday",3,0.75,4.15,0,0,0.991388889
"Quarter1","finishing","Sunday",9,0.8,3.94,0,0,0.931645833
"Quarter1","finishing","Sunday",1,0.8,3.94,0,0,0.915229167
"Quarter1","sweing","Sunday",6,0.8,11.61,0,0,0.879714482
"Quarter1","finishing","Sunday",4,0.8,3.94,0,0,0.861679012
"Quarter1","sweing","Sunday",9,0.8,26.16,0,0,0.850569492
"Quarter1","sweing","Sunday",7,0.8,25.9,0,0,0.850436438
"Quarter1","sweing","Sunday",8,0.8,25.9,0,0,0.850345133
"Quarter1","sweing","Sunday",4,0.8,28.08,0,0,0.800598058
"Quarter1","sweing","Sunday",1,0.8,26.16,0,0,0.800318644
"Quarter1","sweing","Sunday",2,0.8,28.08,0,0,0.800237838
"Quarter1","sweing","Sunday",12,0.8,11.61,0,0,0.800030199
"Quarter1","finishing","Sunday",2,0.8,3.94,0,0,0.792104167
"Quarter1","finishing","Sunday",10,0.7,3.94,0,0,0.759228395
"Quarter1","sweing","Sunday",11,0.75,19.31,0,0,0.750348457
"Quarter1","sweing","Sunday",3,0.75,19.87,0,0,0.75024303
"Quarter1","sweing","Sunday",10,0.7,28.08,0,0,0.699965217
"Quarter1","finishing","Sunday",8,0.8,2.9,0,0,0.682708333
"Quarter1","finishing","Sunday",7,0.8,2.9,0,0,0.667604167
"Quarter1","sweing","Sunday",5,0.7,45.67,0,0,0.603432184
"Quarter1","finishing","Sunday",11,0.75,4.15,0,0,0.345833333
"Quarter1","finishing","Monday",1,0.8,3.94,0,0,0.961059028
"Quarter1","finishing","Monday",11,0.8,3.94,0,0,0.939513889
"Quarter1","finishing","Monday",4,0.8,3.94,0,0,0.893663194
"Quarter1","finishing","Monday",3,0.75,4.15,0,0,0.875390625
"Quarter1","sweing","Monday",9,0.8,26.16,0,0,0.850569492
"Quarter1","finishing","Monday",9,0.8,2.9,0,0,0.820833333
"Quarter1","finishing","Monday",2,0.8,3.94,0,0,0.804416667
"Quarter1","sweing","Monday",7,0.8,25.9,0,0,0.800684366
"Quarter1","sweing","Monday",8,0.8,25.9,0,0,0.800684366
"Quarter1","sweing","Monday",1,0.8,26.16,0,0,0.800318644
"Quarter1","sweing","Monday",11,0.8,19.31,0,0,0.800250962
"Quarter1","sweing","Monday",6,0.8,11.61,0,0,0.800246011
"Quarter1","sweing","Monday",12,0.8,11.61,0,0,0.800246011
"Quarter1","sweing","Monday",2,0.8,28.08,0,0,0.800076522
"Quarter1","sweing","Monday",4,0.8,28.08,0,0,0.800076522
"Quarter1","finishing","Monday",10,0.75,2.9,0,0,0.763375
"Quarter1","finishing","Monday",5,0.6,2.9,0,0,0.759270833
"Quarter1","sweing","Monday",10,0.75,28.08,0,0,0.7504
"Quarter1","sweing","Monday",3,0.75,19.87,0,0,0.75024303
"Quarter1","finishing","Monday",7,0.8,3.94,0,0,0.676666667
"Quarter1","finishing","Monday",8,0.8,2.9,0,0,0.664583333
"Quarter1","sweing","Monday",5,0.6,21.98,0,0,0.600028736
"Quarter1","finishing","Tuesday",4,0.8,3.94,0,0,0.966781346
"Quarter1","finishing","Tuesday",1,0.8,3.94,0,0,0.936496212
"Quarter1","finishing","Tuesday",3,0.75,4.15,0,0,0.899166667
"Quarter1","finishing","Tuesday",11,0.8,4.15,0,0,0.888686869
"Quarter1","finishing","Tuesday",9,0.8,3.94,0,0,0.858143939
"Quarter1","sweing","Tuesday",1,0.8,26.16,0,0,0.850502311
"Quarter1","sweing","Tuesday",9,0.8,26.16,0,0,0.850502311
"Quarter1","finishing","Tuesday",10,0.75,3.94,0,0,0.809640152
"Quarter1","finishing","Tuesday",2,0.8,3.94,0,0,0.805909091
"Quarter1","sweing","Tuesday",2,0.8,28.08,0,0,0.800594466
"Quarter1","sweing","Tuesday",4,0.8,28.08,0,0,0.800594466
"Quarter1","sweing","Tuesday",3,0.8,19.87,0,0,0.800273829
"Quarter1","sweing","Tuesday",12,0.8,11.61,0,0,0.800140969
"Quarter1","sweing","Tuesday",7,0.8,25.9,0,0,0.800128721
"Quarter1","sweing","Tuesday",8,0.8,25.9,0,0,0.800128721
"Quarter1","sweing","Tuesday",6,0.8,11.61,0,0,0.80007657
"Quarter1","sweing","Tuesday",10,0.75,28.08,0,0,0.750545455
"Quarter1","sweing","Tuesday",11,0.75,19.31,0,0,0.750057851
"Quarter1","finishing","Tuesday",8,0.8,2.9,0,0,0.681060606
"Quarter1","sweing","Tuesday",5,0.65,21.98,0,0,0.649983281
"Quarter1","finishing","Tuesday",7,0.8,2.9,0,0,0.61625
"Quarter1","finishing","Wednesday",1,0.8,3.94,0,0,0.951420455
"Quarter1","finishing","Wednesday",9,0.8,3.94,0,0,0.880530303
"Quarter1","sweing","Wednesday",1,0.8,26.16,0,0,0.850502311
"Quarter1","sweing","Wednesday",9,0.8,26.16,0,0,0.850502311
"Quarter1","sweing","Wednesday",8,0.8,25.9,0,0,0.850136766
"Quarter1","finishing","Wednesday",3,0.75,4.15,0,0,0.83
"Quarter1","finishing","Wednesday",4,0.8,3.94,0,0,0.827186544
"Quarter1","finishing","Wednesday",2,0.8,3.94,0,0,0.813371212
"Quarter1","finishing","Wednesday",10,0.75,3.94,0,0,0.805909091
"Quarter1","finishing","Wednesday",7,0.8,2.9,0,0,0.804640152
"Quarter1","sweing","Wednesday",2,0.8,28.08,0,0,0.800594466
"Quarter1","sweing","Wednesday",4,0.8,28.08,0,0,0.800594466
"Quarter1","sweing","Wednesday",6,0.8,11.41,0,0,0.800343766
"Quarter1","sweing","Wednesday",3,0.8,19.87,0,0,0.800273829
"Quarter1","sweing","Wednesday",12,0.8,11.61,0,0,0.800246753
"Quarter1","sweing","Wednesday",7,0.8,25.9,0,0,0.800128721
"Quarter1","sweing","Wednesday",10,0.75,28.08,0,0,0.8
"Quarter1","sweing","Wednesday",5,0.7,21.98,0,0,0.700480831
"Quarter1","finishing","Wednesday",8,0.8,2.9,0,0,0.681060606
"Quarter1","finishing","Wednesday",6,0.8,2.9,0,0,0.666515152
"Quarter1","sweing","Wednesday",11,0.8,31.83,0,0,0.412119835
"Quarter1","finishing","Wednesday",5,0.7,4.15,0,0,0.330113636
"Quarter2","finishing","Thursday",1,0.8,3.94,0,0,0.947689394
"Quarter2","finishing","Thursday",4,0.8,3.94,0,0,0.919905405
"Quarter2","sweing","Thursday",9,0.8,26.16,0,0,0.900215716
"Quarter2","finishing","Thursday",9,0.8,3.94,0,0,0.891723485
"Quarter2","sweing","Thursday",1,0.8,26.16,0,0,0.850502311
"Quarter2","sweing","Thursday",4,0.8,28.08,0,0,0.850181818
"Quarter2","sweing","Thursday",7,0.8,25.9,0,0,0.850136766
"Quarter2","sweing","Thursday",8,0.8,25.9,0,0,0.850136766
"Quarter2","finishing","Thursday",2,0.8,3.94,0,0,0.835757576
"Quarter2","finishing","Thursday",5,0.7,4.15,0,0,0.821354167
"Quarter2","sweing","Thursday",2,0.8,28.08,0,0,0.800497246
"Quarter2","sweing","Thursday",3,0.8,19.87,0,0,0.800273829
"Quarter2","sweing","Thursday",12,0.8,11.61,0,0,0.800107143
"Quarter2","sweing","Thursday",6,0.8,11.41,0,0,0.800024932
"Quarter2","sweing","Thursday",10,0.75,28.08,0,0,0.8
"Quarter2","finishing","Thursday",10,0.75,3.94,0,0,0.779791667
"Quarter2","finishing","Thursday",8,0.8,2.9,0,0,0.735984848
"Quarter2","finishing","Thursday",3,0.75,4.15,0,0,0.712626263
"Quarter2","finishing","Thursday",7,0.8,2.9,0,0,0.681060606
"Quarter2","finishing","Thursday",11,0.8,4.15,0,0,0.515606061
"Quarter2","sweing","Thursday",11,0.35,12.52,0,0,0.349951389
"Quarter2","sweing","Thursday",5,0.7,42.41,0,0,0.233705476
"Quarter2","finishing","Saturday",1,0.8,3.94,0,0,0.985
"Quarter2","finishing","Saturday",3,0.75,4.15,0,0,0.930340376
"Quarter2","finishing","Saturday",4,0.8,3.94,0,0,0.911589744
"Quarter2","finishing","Saturday",9,0.8,3.94,0,0,0.858143939
"Quarter2","sweing","Saturday",9,0.8,26.16,0,0,0.851174114
"Quarter2","sweing","Saturday",7,0.8,25.9,0,0,0.850136766
"Quarter2","sweing","Saturday",8,0.8,25.9,0,0,0.850136766
"Quarter2","finishing","Saturday",10,0.8,3.94,0,0,0.846950758
"Quarter2","finishing","Saturday",11,0.8,4.15,0,0,0.817424242
"Quarter2","finishing","Saturday",2,0.8,3.94,0,0,0.817102273
"Quarter2","sweing","Saturday",4,0.8,28.08,0,0,0.801028213
"Quarter2","sweing","Saturday",2,0.8,28.08,0,0,0.800594466
"Quarter2","sweing","Saturday",12,0.8,11.61,0,0,0.800346445
"Quarter2","sweing","Saturday",6,0.8,11.41,0,0,0.800343766
"Quarter2","sweing","Saturday",1,0.8,26.16,0,0,0.800117103
"Quarter2","sweing","Saturday",10,0.8,28.08,0,0,0.8
"Quarter2","sweing","Saturday",3,0.75,19.87,0,0,0.750098351
"Quarter2","sweing","Saturday",11,0.5,12.52,0,0,0.673245283
"Quarter2","finishing","Saturday",7,0.8,2.9,0,0,0.670075758
"Quarter2","finishing","Saturday",8,0.8,2.9,0,0,0.628882576
"Quarter2","sweing","Saturday",5,0.5,20.79,0,0,0.388007813
"Quarter2","finishing","Saturday",5,0.5,4.15,0,0,0.337973485
"Quarter2","finishing","Sunday",3,0.75,4.15,0,0,0.93532197
"Quarter2","finishing","Sunday",4,0.8,3.94,0,0,0.925643939
"Quarter2","sweing","Sunday",9,0.8,26.16,0,0,0.900215716
"Quarter2","finishing","Sunday",1,0.8,3.94,0,0,0.873068182
"Quarter2","finishing","Sunday",9,0.8,3.94,0,0,0.858143939
"Quarter2","sweing","Sunday",1,0.8,26.16,0,0,0.850502311
"Quarter2","sweing","Sunday",7,0.8,25.9,0,0,0.850136766
"Quarter2","sweing","Sunday",8,0.8,25.9,0,0,0.850136766
"Quarter2","finishing","Sunday",10,0.8,3.94,0,0,0.828295455
"Quarter2","finishing","Sunday",2,0.8,3.94,0,0,0.820833333
"Quarter2","sweing","Sunday",6,0.8,11.41,0,0,0.800343766
"Quarter2","sweing","Sunday",12,0.8,11.61,0,0,0.800246753
"Quarter2","sweing","Sunday",2,0.8,28.08,0,0,0.8
"Quarter2","sweing","Sunday",10,0.8,28.08,0,0,0.8
"Quarter2","sweing","Sunday",3,0.8,19.87,0,0,0.690182815
"Quarter2","finishing","Sunday",11,0.8,4.15,0,0,0.668087121
"Quarter2","finishing","Sunday",8,0.8,2.9,0,0,0.653598485
"Quarter2","finishing","Sunday",5,0.5,4.15,0,0,0.609138258
"Quarter2","sweing","Sunday",11,0.6,12.52,0,0,0.600229846
"Quarter2","finishing","Sunday",6,0.8,2.9,0,0,0.597348485
"Quarter2","finishing","Sunday",7,0.8,2.9,0,0,0.590435606
"Quarter2","sweing","Sunday",4,0.8,50.48,0,0,0.473134796
"Quarter2","sweing","Sunday",5,0.6,20.79,0,0,0.452979626
"Quarter2","finishing","Monday",1,0.8,3.94,0,0,0.955151515
"Quarter2","finishing","Monday",4,0.35,4.3,0,0,0.942213805
"Quarter2","finishing","Monday",3,0.8,4.15,0,0,0.905454545
"Quarter2","finishing","Monday",2,0.8,3.94,0,0,0.880530303
"Quarter2","finishing","Monday",9,0.8,3.94,0,0,0.858143939
"Quarter2","sweing","Monday",1,0.8,26.16,0,0,0.850522167
"Quarter2","sweing","Monday",9,0.8,26.16,0,0,0.850502311
"Quarter2","sweing","Monday",7,0.8,25.9,0,0,0.850136766
"Quarter2","sweing","Monday",8,0.8,25.9,0,0,0.850136766
"Quarter2","finishing","Monday",6,0.8,2.9,0,0,0.817424242
"Quarter2","finishing","Monday",5,0.65,4.15,0,0,0.809564394
"Quarter2","sweing","Monday",3,0.8,19.87,0,0,0.800273829
"Quarter2","sweing","Monday",6,0.8,11.41,0,0,0.800181818
"Quarter2","sweing","Monday",12,0.8,11.61,0,0,0.80007657
"Quarter2","sweing","Monday",2,0.8,28.08,0,0,0.8
"Quarter2","finishing","Monday",8,0.8,2.9,0,0,0.725
"Quarter2","sweing","Monday",10,0.8,50.48,0,0,0.688557555
"Quarter2","sweing","Monday",5,0.65,20.79,0,0,0.650040783
"Quarter2","sweing","Monday",11,0.65,12.52,0,0,0.64998056
"Quarter2","finishing","Monday",7,0.8,2.9,0,0,0.648106061
"Quarter2","finishing","Monday",11,0.8,4.15,0,0,0.640577652
"Quarter2","sweing","Monday",4,0.35,22.4,0,0,0.35063299
"Quarter2","finishing","Monday",10,0.8,3.94,0,0,0.24625
"Quarter2","finishing","Tuesday",4,0.35,4.3,0,0,0.952020202
"Quarter2","finishing","Tuesday",1,0.8,3.94,0,0,0.951420455
"Quarter2","finishing","Tuesday",10,0.8,3.94,0,0,0.912766667
"Quarter2","finishing","Tuesday",3,0.8,4.15,0,0,0.901262626
"Quarter2","finishing","Tuesday",9,0.8,3.94,0,0,0.858143939
"Quarter2","sweing","Tuesday",1,0.8,26.16,0,0,0.850502311
"Quarter2","sweing","Tuesday",9,0.8,26.16,0,0,0.850502311
"Quarter2","sweing","Tuesday",8,0.8,25.9,0,0,0.850252525
"Quarter2","sweing","Tuesday",7,0.8,25.9,0,0,0.850136766
"Quarter2","finishing","Tuesday",5,0.65,4.15,0,0,0.821354167
"Quarter2","finishing","Tuesday",2,0.8,3.94,0,0,0.805909091
"Quarter2","sweing","Tuesday",6,0.8,11.61,0,0,0.800246753
"Quarter2","sweing","Tuesday",12,0.8,11.61,0,0,0.800246753
"Quarter2","sweing","Tuesday",2,0.8,28.08,0,0,0.8
"Quarter2","sweing","Tuesday",3,0.8,42.27,0,0,0.705576584
"Quarter2","finishing","Tuesday",8,0.8,2.9,0,0,0.681060606
"Quarter2","finishing","Tuesday",7,0.8,2.9,0,0,0.670075758
"Quarter2","finishing","Tuesday",11,0.8,4.15,0,0,0.601278409
"Quarter2","sweing","Tuesday",11,0.7,27.13,0,0,0.582301029
"Quarter2","sweing","Tuesday",5,0.7,20.79,0,0,0.526810345
"Quarter2","sweing","Tuesday",4,0.5,22.4,0,0,0.500380799
"Quarter2","sweing","Tuesday",10,0.35,22.4,0,0,0.35020649
"Quarter2","finishing","Wednesday",11,0.8,4.15,0,0,0.934607438
"Quarter2","finishing","Wednesday",4,0.35,4.3,0,0,0.908080808
"Quarter2","sweing","Wednesday",7,0.8,25.9,0,0,0.900144811
"Quarter2","finishing","Wednesday",1,0.8,3.94,0,0,0.891723485
"Quarter2","finishing","Wednesday",5,0.65,4.15,0,0,0.864583333
"Quarter2","finishing","Wednesday",9,0.8,3.94,0,0,0.858143939
"Quarter2","sweing","Wednesday",9,0.8,26.16,0,0,0.850502311
"Quarter2","sweing","Wednesday",8,0.8,25.9,0,0,0.850136766
"Quarter2","finishing","Wednesday",7,0.8,2.9,0,0,0.837594697
"Quarter2","finishing","Wednesday",3,0.8,4.15,0,0,0.820833333
"Quarter2","sweing","Wednesday",12,0.8,11.61,0,0,0.800313433
"Quarter2","sweing","Wednesday",6,0.8,11.61,0,0,0.800246753
"Quarter2","sweing","Wednesday",1,0.8,26.16,0,0,0.800117103
"Quarter2","sweing","Wednesday",5,0.7,20.79,0,0,0.700095563
"Quarter2","finishing","Wednesday",8,0.8,2.9,0,0,0.667329545
"Quarter2","sweing","Wednesday",4,0.6,22.4,0,0,0.600369686
"Quarter2","sweing","Wednesday",10,0.5,22.4,0,0,0.499980334
"Quarter2","sweing","Wednesday",11,0.35,14.61,0,0,0.35003125
"Quarter2","finishing","Wednesday",10,0.8,3.94,0,0,0.332359307
"Quarter2","sweing","Wednesday",2,0.8,51.02,0,0,0.311207464
"Quarter2","finishing","Wednesday",2,0.8,3.94,0,0,0.247316017
"Quarter3","finishing","Thursday",4,0.35,4.3,0,0,0.988636364
"Quarter3","finishing","Thursday",10,0.8,3.94,0,0,0.953110048
"Quarter3","finishing","Thursday",1,0.8,3.94,0,0,0.884261364
"Quarter3","finishing","Thursday",5,0.65,4.15,0,0,0.860653409
"Quarter3","finishing","Thursday",9,0.8,3.94,0,0,0.858143939
"Quarter3","sweing","Thursday",1,0.8,26.16,0,0,0.850502311
"Quarter3","sweing","Thursday",8,0.8,25.9,0,0,0.850415628
"Quarter3","sweing","Thursday",7,0.8,25.9,0,0,0.850136766
"Quarter3","sweing","Thursday",9,0.8,26.16,0,0,0.800117103
"Quarter3","sweing","Thursday",6,0.8,11.61,0,0,0.80003139
"Quarter3","sweing","Thursday",12,0.8,11.61,0,0,0.80003139
"Quarter3","sweing","Thursday",5,0.7,20.79,0,0,0.700060345
"Quarter3","finishing","Thursday",7,0.8,2.9,0,0,0.689299242
"Quarter3","sweing","Thursday",3,0.5,22.52,0,0,0.660683293
"Quarter3","sweing","Thursday",4,0.65,22.52,0,0,0.650130952
"Quarter3","finishing","Thursday",8,0.8,2.9,0,0,0.606912879
"Quarter3","sweing","Thursday",10,0.6,22.52,0,0,0.600291767
"Quarter3","sweing","Thursday",11,0.5,14.89,0,0,0.500025069
"Quarter3","sweing","Thursday",2,0.5,22.94,0,0,0.499998888
"Quarter3","finishing","Saturday",5,0.65,4.15,0,0,0.98719697
"Quarter3","finishing","Saturday",2,0.8,3.94,0,0,0.980909091
"Quarter3","finishing","Saturday",10,0.8,3.94,0,0,0.974621212
"Quarter3","finishing","Saturday",1,0.8,3.94,0,0,0.884261364
"Quarter3","finishing","Saturday",9,0.8,3.94,0,0,0.82680303
"Quarter3","sweing","Saturday",6,0.8,11.41,0,0,0.800343766
"Quarter3","sweing","Saturday",12,0.8,11.61,0,0,0.800246753
"Quarter3","sweing","Saturday",7,0.8,25.9,0,0,0.800128721
"Quarter3","sweing","Saturday",8,0.8,25.9,0,0,0.800128721
"Quarter3","sweing","Saturday",1,0.8,48.68,0,0,0.800117103
"Quarter3","sweing","Saturday",9,0.8,26.16,0,0,0.800117103
"Quarter3","sweing","Saturday",2,0.6,22.94,0,0,0.77011398
"Quarter3","sweing","Saturday",4,0.7,22.52,0,0,0.7005417
"Quarter3","finishing","Saturday",8,0.8,2.9,0,0,0.675568182
"Quarter3","finishing","Saturday",7,0.8,2.9,0,0,0.661837121
"Quarter3","sweing","Saturday",10,0.65,22.52,0,0,0.650198653
"Quarter3","sweing","Saturday",3,0.6,22.52,0,0,0.600291767
"Quarter3","sweing","Saturday",11,0.6,14.89,0,0,0.600273268
"Quarter3","finishing","Saturday",6,0.8,2.9,0,0,0.465757576
"Quarter3","sweing","Saturday",5,0.7,41.19,0,0,0.452012539
"Quarter3","finishing","Saturday",11,0.8,4.15,0,0,0.313852814
"Quarter3","finishing","Sunday",5,0.6,4.15,0,0,0.852793561
"Quarter3","finishing","Sunday",11,0.65,4.15,0,0,0.838383838
"Quarter3","finishing","Sunday",6,0.8,2.9,0,0,0.804848485
"Quarter3","sweing","Sunday",6,0.8,11.41,0,0,0.800343766
"Quarter3","sweing","Sunday",7,0.8,48.84,0,0,0.800128721
"Quarter3","sweing","Sunday",8,0.8,25.9,0,0,0.800128721
"Quarter3","sweing","Sunday",9,0.8,26.16,0,0,0.800015009
"Quarter3","sweing","Sunday",4,0.7,22.52,0,0,0.7005417
"Quarter3","sweing","Sunday",10,0.7,22.52,0,0,0.700094156
"Quarter3","finishing","Sunday",7,0.8,2.9,0,0,0.692045455
"Quarter3","sweing","Sunday",12,0.8,26.87,0,0,0.662255892
"Quarter3","sweing","Sunday",3,0.65,22.52,0,0,0.650416734
"Quarter3","sweing","Sunday",11,0.65,14.89,0,0,0.650299575
"Quarter3","sweing","Sunday",2,0.65,22.94,0,0,0.650243497
"Quarter3","finishing","Sunday",8,0.8,2.9,0,0,0.639867424
"Quarter3","sweing","Sunday",5,0.6,20.4,0,0,0.600062696
"Quarter3","finishing","Sunday",9,0.8,3.94,0,0,0.582045455
"Quarter3","sweing","Sunday",1,0.8,49.1,0,0,0.403242161
"Quarter3","finishing","Sunday",10,0.7,3.94,0,0,0.235795455
"Quarter3","finishing","Monday",4,0.7,4.3,0,0,0.977272727
"Quarter3","finishing","Monday",9,0.8,3.94,0,0,0.964106061
"Quarter3","finishing","Monday",5,0.65,4.15,0,0,0.958901515
"Quarter3","sweing","Monday",6,0.8,11.41,0,0,0.800358775
"Quarter3","sweing","Monday",8,0.8,25.9,0,0,0.800162602
"Quarter3","sweing","Monday",9,0.8,26.16,0,0,0.800117103
"Quarter3","finishing","Monday",12,0.8,2.9,0,0,0.793844697
"Quarter3","sweing","Monday",2,0.7,22.94,0,0,0.750517565
"Quarter3","sweing","Monday",4,0.7,22.52,0,0,0.750068049
"Quarter3","sweing","Monday",3,0.7,22.52,0,0,0.750062751
"Quarter3","sweing","Monday",10,0.7,22.52,0,0,0.750057359
"Quarter3","sweing","Monday",11,0.7,14.89,0,0,0.700170388
"Quarter3","finishing","Monday",8,0.8,2.9,0,0,0.683806818
"Quarter3","sweing","Monday",5,0.65,20.4,0,0,0.650066445
"Quarter3","sweing","Monday",7,0.8,48.84,0,0,0.576460393
"Quarter3","sweing","Monday",1,0.5,22.94,0,0,0.549969429
"Quarter3","finishing","Monday",10,0.7,3.94,0,0,0.538399621
"Quarter3","finishing","Monday",11,0.7,4.15,0,0,0.409545455
"Quarter3","sweing","Monday",12,0.35,15.26,0,0,0.35021836
"Quarter3","finishing","Tuesday",5,0.7,4.15,0,0,1.033570076
"Quarter3","sweing","Tuesday",6,0.8,11.41,0,0,0.800261486
"Quarter3","sweing","Tuesday",8,0.8,25.9,0,0,0.800128721
"Quarter3","sweing","Tuesday",9,0.8,26.16,0,0,0.800117103
"Quarter3","sweing","Tuesday",4,0.7,22.52,0,0,0.750068049
"Quarter3","sweing","Tuesday",10,0.7,22.52,0,0,0.750057359
"Quarter3","sweing","Tuesday",3,0.7,22.52,0,0,0.750037968
"Quarter3","sweing","Tuesday",2,0.7,22.94,0,0,0.750031898
"Quarter3","finishing","Tuesday",9,0.8,3.94,0,0,0.72830303
"Quarter3","sweing","Tuesday",11,0.7,14.89,0,0,0.700170388
"Quarter3","sweing","Tuesday",5,0.7,20.4,0,0,0.700063796
"Quarter3","finishing","Tuesday",8,0.8,2.9,0,0,0.639867424
"Quarter3","sweing","Tuesday",12,0.5,15.26,0,0,0.500290419
"Quarter3","sweing","Tuesday",7,0.35,22.94,0,0,0.400332792
"Quarter3","finishing","Tuesday",11,0.7,4.15,0,0,0.362666667
"Quarter3","finishing","Wednesday",4,0.75,4.3,0,0,0.978525641
"Quarter3","finishing","Wednesday",2,0.7,3.94,0,0,0.912202112
"Quarter3","sweing","Wednesday",4,0.75,22.52,0,0,0.900556277
"Quarter3","sweing","Wednesday",6,0.8,11.61,0,0,0.850410511
"Quarter3","finishing","Wednesday",9,0.8,3.94,0,0,0.827147436
"Quarter3","sweing","Wednesday",8,0.8,25.9,0,0,0.800436542
"Quarter3","sweing","Wednesday",2,0.7,22.94,0,0,0.800415742
"Quarter3","sweing","Wednesday",10,0.7,22.52,0,0,0.800020563
"Quarter3","finishing","Wednesday",5,0.7,4.15,0,0,0.758173077
"Quarter3","sweing","Wednesday",5,0.7,20.4,0,0,0.750344828
"Quarter3","sweing","Wednesday",3,0.7,22.52,0,0,0.750068049
"Quarter3","sweing","Wednesday",11,0.7,14.89,0,0,0.700170388
"Quarter3","sweing","Wednesday",1,0.65,22.94,0,0,0.700029771
"Quarter3","sweing","Wednesday",12,0.6,15.26,0,0,0.60017284
"Quarter3","finishing","Wednesday",8,0.8,2.9,0,0,0.594871795
"Quarter3","sweing","Wednesday",9,0.8,54.56,0,0,0.520237649
"Quarter3","finishing","Wednesday",1,0.65,3.94,0,0,0.505128205
"Quarter3","sweing","Wednesday",7,0.5,22.52,0,0,0.500241342
"Quarter3","finishing","Wednesday",11,0.7,4.15,0,0,0.470769231
"Quarter4","finishing","Thursday",7,0.6,3.94,0,0,0.957638889
"Quarter4","finishing","Thursday",10,0.75,3.94,0,0,0.940701058
"Quarter4","sweing","Thursday",4,0.75,22.52,0,0,0.849983766
"Quarter4","sweing","Thursday",2,0.7,22.94,0,0,0.800302791
"Quarter4","sweing","Thursday",6,0.8,11.61,0,0,0.800191989
"Quarter4","sweing","Thursday",10,0.75,22.52,0,0,0.800020563
"Quarter4","sweing","Thursday",1,0.7,22.94,0,0,0.750162367
"Quarter4","sweing","Thursday",3,0.7,22.52,0,0,0.750068049
"Quarter4","finishing","Thursday",5,0.7,4.15,0,0,0.742901235
"Quarter4","sweing","Thursday",5,0.7,20.4,0,0,0.700250784
"Quarter4","sweing","Thursday",11,0.7,14.89,0,0,0.700170388
"Quarter4","finishing","Thursday",4,0.75,4.3,0,0,0.670216049
"Quarter4","finishing","Thursday",1,0.7,3.94,0,0,0.649662222
"Quarter4","finishing","Thursday",2,0.7,3.94,0,0,0.649662222
"Quarter4","finishing","Thursday",6,0.8,2.9,0,0,0.626822917
"Quarter4","sweing","Thursday",12,0.6,15.26,0,0,0.600436426
"Quarter4","sweing","Thursday",7,0.6,22.52,0,0,0.60041361
"Quarter4","sweing","Thursday",8,0.8,40.99,0,0,0.555500132
"Quarter4","sweing","Thursday",9,0.5,29.12,0,0,0.500547544
"Quarter4","finishing","Thursday",3,0.7,3.94,0,0,0.460578704
"Quarter4","finishing","Thursday",8,0.8,2.9,0,0,0.397743056
"Quarter4","finishing","Thursday",12,0.6,4.08,0,0,0.327407407
"Quarter4","finishing","Saturday",5,0.7,4.15,0,0,0.966666667
"Quarter4","finishing","Saturday",10,0.75,3.94,0,0,0.937242424
"Quarter4","finishing","Saturday",8,0.8,2.9,0,0,0.910521886
"Quarter4","sweing","Saturday",2,0.75,22.94,0,0,0.90064806
"Quarter4","sweing","Saturday",4,0.75,22.52,0,0,0.900321106
"Quarter4","finishing","Saturday",11,0.75,4.15,0,0,0.896022727
"Quarter4","finishing","Saturday",3,0.75,3.94,0,0,0.895454545
"Quarter4","finishing","Saturday",7,0.65,3.94,0,0,0.870580808
"Quarter4","finishing","Saturday",12,0.7,4.08,0,0,0.858585859
"Quarter4","sweing","Saturday",1,0.7,22.94,0,0,0.800643806
"Quarter4","sweing","Saturday",10,0.75,22.52,0,0,0.80062987
"Quarter4","sweing","Saturday",6,0.8,11.61,0,0,0.800537143
"Quarter4","sweing","Saturday",3,0.75,22.52,0,0,0.80035194
"Quarter4","sweing","Saturday",12,0.75,15.26,0,0,0.750079323
"Quarter4","sweing","Saturday",11,0.75,42.97,0,0,0.750041201
"Quarter4","sweing","Saturday",5,0.7,20.4,0,0,0.700250784
"Quarter4","finishing","Saturday",4,0.75,4.3,0,0,0.651515152
"Quarter4","sweing","Saturday",7,0.65,22.52,0,0,0.650416734
"Quarter4","sweing","Saturday",9,0.6,29.12,0,0,0.600125217
"Quarter4","finishing","Saturday",2,0.75,3.94,0,0,0.578314394
"Quarter4","finishing","Saturday",1,0.7,3.94,0,0,0.578314394
"Quarter4","sweing","Saturday",8,0.35,15.09,0,0,0.34998951
"Quarter4","finishing","Saturday",9,0.6,3.94,0,0,0.261174242
"Quarter4","finishing","Sunday",5,0.7,4.15,0,0,0.973796791
"Quarter4","finishing","Sunday",2,0.75,3.94,0,0,0.970075758
"Quarter4","finishing","Sunday",1,0.7,3.94,0,0,0.970075758
"Quarter4","finishing","Sunday",3,0.75,3.94,0,0,0.961784512
"Quarter4","finishing","Sunday",10,0.75,3.94,0,0,0.955151515
"Quarter4","finishing","Sunday",4,0.75,4.3,0,0,0.952020202
"Quarter4","sweing","Sunday",4,0.75,22.52,0,0,0.900321106
"Quarter4","sweing","Sunday",2,0.75,22.94,0,0,0.850223776
"Quarter4","sweing","Sunday",1,0.7,22.94,0,0,0.800909609
"Quarter4","sweing","Sunday",3,0.75,22.52,0,0,0.800513307
"Quarter4","sweing","Sunday",6,0.8,11.61,0,0,0.800386364
"Quarter4","sweing","Sunday",10,0.75,22.52,0,0,0.800020563
"Quarter4","finishing","Sunday",7,0.65,3.94,0,0,0.749188312
"Quarter4","sweing","Sunday",7,0.7,22.52,0,0,0.7005417
"Quarter4","sweing","Sunday",12,0.7,15.26,0,0,0.70043672
"Quarter4","sweing","Sunday",5,0.7,20.4,0,0,0.700250784
"Quarter4","sweing","Sunday",9,0.65,29.12,0,0,0.650407524
"Quarter4","finishing","Sunday",12,0.7,4.08,0,0,0.618181818
"Quarter4","sweing","Sunday",11,0.75,42.97,0,0,0.59114168
"Quarter4","sweing","Sunday",8,0.5,15.09,0,0,0.500061916
"Quarter4","finishing","Sunday",8,0.8,2.9,0,0,0.329545455
"Quarter4","finishing","Monday",3,0.75,3.94,0,0,1.059621212
"Quarter4","finishing","Monday",10,0.75,3.94,0,0,0.997792208
"Quarter4","finishing","Monday",4,0.75,4.3,0,0,0.963699495
"Quarter4","finishing","Monday",5,0.7,4.15,0,0,0.959191919
"Quarter4","finishing","Monday",2,0.75,3.94,0,0,0.910378788
"Quarter4","finishing","Monday",1,0.7,3.94,0,0,0.910378788
"Quarter4","sweing","Monday",4,0.8,22.52,0,0,0.850312684
"Quarter4","sweing","Monday",6,0.8,11.61,0,0,0.800386364
"Quarter4","sweing","Monday",3,0.75,22.52,0,0,0.80035194
"Quarter4","sweing","Monday",2,0.75,22.94,0,0,0.800034024
"Quarter4","sweing","Monday",1,0.7,22.94,0,0,0.800023511
"Quarter4","sweing","Monday",10,0.75,22.52,0,0,0.800020563
"Quarter4","finishing","Monday",12,0.7,4.08,0,0,0.769292929
"Quarter4","sweing","Monday",5,0.75,20.4,0,0,0.750031447
"Quarter4","sweing","Monday",9,0.7,29.12,0,0,0.70061442
"Quarter4","sweing","Monday",12,0.7,15.26,0,0,0.70043672
"Quarter4","finishing","Monday",7,0.65,3.94,0,0,0.646306818
"Quarter4","sweing","Monday",8,0.6,15.09,0,0,0.600143365
"Quarter4","sweing","Monday",11,0.35,28.08,0,0,0.350066986
"Quarter4","sweing","Tuesday",2,0.75,22.52,0,0,1.000230409
"Quarter4","sweing","Tuesday",3,0.75,22.52,0,0,1.000230409
"Quarter4","finishing","Tuesday",10,0.8,3.94,0,0,0.979527778
"Quarter4","finishing","Tuesday",4,0.8,4.3,0,0,0.940625
"Quarter4","finishing","Tuesday",5,0.5,4.15,0,0,0.926388889
"Quarter4","sweing","Tuesday",10,0.8,22.52,0,0,0.900129762
"Quarter4","finishing","Tuesday",3,0.75,3.94,0,0,0.861875
"Quarter4","sweing","Tuesday",4,0.8,22.52,0,0,0.850312684
"Quarter4","finishing","Tuesday",8,0.65,3.94,0,0,0.845458333
"Quarter4","finishing","Tuesday",12,0.7,4.15,0,0,0.823555556
"Quarter4","finishing","Tuesday",7,0.5,4.15,0,0,0.803541667
"Quarter4","sweing","Tuesday",1,0.75,22.94,0,0,0.800263218
"Quarter4","finishing","Tuesday",2,0.75,3.94,0,0,0.788
"Quarter4","finishing","Tuesday",1,0.75,3.94,0,0,0.77815
"Quarter4","sweing","Tuesday",9,0.7,29.12,0,0,0.700386207
"Quarter4","sweing","Tuesday",12,0.7,15.26,0,0,0.700164706
"Quarter4","sweing","Tuesday",8,0.65,15.09,0,0,0.650307143
"Quarter4","sweing","Tuesday",6,0.8,30.4,0,0,0.622828125
"Quarter4","finishing","Tuesday",6,0.8,2.9,0,0,0.6225
"Quarter4","sweing","Tuesday",5,0.5,20.79,0,0,0.500035345
"Quarter4","sweing","Tuesday",11,0.5,48.18,0,0,0.37046657
"Quarter4","sweing","Wednesday",2,0.8,22.52,0,0,1.000230409
"Quarter4","sweing","Wednesday",3,0.8,22.52,0,0,1.000230409
"Quarter4","finishing","Wednesday",6,0.35,2.9,0,0,0.977555556
"Quarter4","finishing","Wednesday",1,0.75,3.94,0,0,0.9456
"Quarter4","finishing","Wednesday",2,0.8,3.94,0,0,0.902222222
"Quarter4","sweing","Wednesday",10,0.8,22.52,0,0,0.850532143
"Quarter4","sweing","Wednesday",1,0.75,22.94,0,0,0.850362069
"Quarter4","finishing","Wednesday",10,0.8,3.94,0,0,0.840533333
"Quarter4","sweing","Wednesday",5,0.6,20.79,0,0,0.800534483
"Quarter4","sweing","Wednesday",4,0.8,22.52,0,0,0.800489676
"Quarter4","finishing","Wednesday",12,0.75,4.08,0,0,0.755555556
"Quarter4","sweing","Wednesday",9,0.7,29.12,0,0,0.750593103
"Quarter4","sweing","Wednesday",12,0.75,15.26,0,0,0.750283333
"Quarter4","finishing","Wednesday",4,0.8,4.3,0,0,0.722638889
"Quarter4","finishing","Wednesday",8,0.65,4.15,0,0,0.553333333
"Quarter4","sweing","Wednesday",11,0.5,20.1,0,0,0.500567308
"Quarter4","sweing","Wednesday",8,0.7,38.09,0,0,0.467693269
"Quarter4","sweing","Wednesday",6,0.35,18.79,0,0,0.437995338
"Quarter4","finishing","Wednesday",7,0.6,3.94,0,0,0.406354167
"Quarter4","sweing","Wednesday",7,0.6,23.54,0,0,0.285333333
"Quarter4","finishing","Wednesday",11,0.5,2.9,0,0,0.259375
"Quarter5","sweing","Thursday",2,0.8,22.52,0,0,1.000230409
"Quarter5","finishing","Thursday",4,0.8,4.3,0,0,0.989
"Quarter5","sweing","Thursday",3,0.8,22.52,0,0,0.950185965
"Quarter5","sweing","Thursday",4,0.8,22.52,0,0,0.9008
"Quarter5","sweing","Thursday",10,0.8,22.52,0,0,0.900129762
"Quarter5","finishing","Thursday",6,0.5,2.9,0,0,0.899
"Quarter5","finishing","Thursday",8,0.65,4.15,0,0,0.877552083
"Quarter5","finishing","Thursday",11,0.6,2.9,0,0,0.864583333
"Quarter5","finishing","Thursday",10,0.8,3.94,0,0,0.85695
"Quarter5","finishing","Thursday",1,0.75,3.94,0,0,0.853666667
"Quarter5","sweing","Thursday",1,0.75,22.94,0,0,0.850362069
"Quarter5","sweing","Thursday",9,0.7,29.12,0,0,0.850170115
"Quarter5","sweing","Thursday",5,0.65,20.79,0,0,0.800473729
"Quarter5","finishing","Thursday",2,0.8,3.94,0,0,0.773333333
"Quarter5","sweing","Thursday",12,0.75,15.26,0,0,0.750646667
"Quarter5","finishing","Thursday",12,0.75,4.08,0,0,0.634666667
"Quarter5","sweing","Thursday",11,0.6,20.1,0,0,0.60059761
"Quarter5","sweing","Thursday",6,0.5,18.79,0,0,0.500117677
"Quarter5","finishing","Thursday",3,0.8,3.94,0,0,0.4925
"Quarter5","sweing","Thursday",7,0.65,23.54,0,0,0.48792
"Quarter5","sweing","Saturday",3,0.8,22.52,0,0,1.000457471
"Quarter5","sweing","Saturday",2,0.8,22.52,0,0,1.000230409
"Quarter5","finishing","Saturday",2,0.8,3.94,0,0,0.971866667
"Quarter5","finishing","Saturday",3,0.8,3.94,0,0,0.971866667
"Quarter5","finishing","Saturday",4,0.8,3.94,0,0,0.971866667
"Quarter5","finishing","Saturday",10,0.8,3.94,0,0,0.971866667
"Quarter5","finishing","Saturday",1,0.75,3.94,0,0,0.971866667
"Quarter5","finishing","Saturday",9,0.75,3.94,0,0,0.971866667
"Quarter5","finishing","Saturday",12,0.75,4.08,0,0,0.971866667
"Quarter5","finishing","Saturday",5,0.7,3.94,0,0,0.971866667
"Quarter5","finishing","Saturday",7,0.7,3.94,0,0,0.971866667
"Quarter5","finishing","Saturday",8,0.65,3.94,0,0,0.971866667
"Quarter5","finishing","Saturday",11,0.65,3.94,0,0,0.971866667
"Quarter5","finishing","Saturday",6,0.6,3.94,0,0,0.971866667
"Quarter5","sweing","Saturday",10,0.8,22.52,0,0,0.920236905
"Quarter5","sweing","Saturday",4,0.8,22.52,0,0,0.900537069
"Quarter5","sweing","Saturday",9,0.75,29.12,0,0,0.850610526
"Quarter5","sweing","Saturday",1,0.75,22.94,0,0,0.850362069
"Quarter5","sweing","Saturday",12,0.75,15.26,0,0,0.750646667
"Quarter5","sweing","Saturday",5,0.7,50.89,0,0,0.656763743
"Quarter5","sweing","Saturday",11,0.65,20.1,0,0,0.650148148
"Quarter5","sweing","Saturday",6,0.6,18.79,0,0,0.600710606
"Quarter5","sweing","Saturday",7,0.7,23.54,0,0,0.388830357
"Quarter5","sweing","Saturday",8,0.5,23.54,0,0,0.286984568
"Quarter1","finishing","Sunday",8,0.65,4.15,0,0,1.0115625
"Quarter1","sweing","Sunday",2,0.8,22.52,0,0,1.000671304
"Quarter1","sweing","Sunday",1,0.8,22.94,0,0,1.000402055
"Quarter1","finishing","Sunday",1,0.75,3.94,0,0,0.950438596
"Quarter1","sweing","Sunday",3,0.8,22.52,0,0,0.950185965
"Quarter1","finishing","Sunday",2,0.8,3.94,0,0,0.912766667
"Quarter1","finishing","Sunday",7,0.7,3.94,0,0,0.892194444
"Quarter1","finishing","Sunday",10,0.8,3.94,0,0,0.8865
"Quarter1","sweing","Sunday",10,0.8,22.52,0,0,0.850532143
"Quarter1","sweing","Sunday",4,0.8,22.52,0,0,0.85011396
"Quarter1","finishing","Sunday",4,0.8,4.3,0,0,0.845069444
"Quarter1","sweing","Sunday",9,0.75,29.12,0,0,0.750593103
"Quarter1","sweing","Sunday",12,0.75,15.26,0,0,0.750450658
"Quarter1","finishing","Sunday",12,0.75,4.08,0,0,0.702666667
"Quarter1","sweing","Sunday",11,0.7,20.1,0,0,0.700508929
"Quarter1","sweing","Sunday",6,0.65,18.79,0,0,0.651007071
"Quarter1","sweing","Sunday",8,0.6,24.26,0,0,0.466821212
"Quarter1","sweing","Sunday",7,0.7,24.26,0,0,0.411553571
"Quarter1","finishing","Sunday",6,0.6,2.9,0,0,0.314166667
"Quarter1","sweing","Monday",1,0.8,22.94,0,0,1.000602279
"Quarter1","finishing","Monday",9,0.75,3.94,0,0,0.994270833
"Quarter1","sweing","Monday",2,0.8,22.52,0,0,0.900158405
"Quarter1","sweing","Monday",3,0.8,22.52,0,0,0.90014152
"Quarter1","sweing","Monday",10,0.8,22.52,0,0,0.900129762
"Quarter1","finishing","Monday",10,0.8,3.94,0,0,0.85695
"Quarter1","finishing","Monday",4,0.8,4.3,0,0,0.809236111
"Quarter1","sweing","Monday",12,0.8,15.26,0,0,0.800401961
"Quarter1","sweing","Monday",4,0.8,22.52,0,0,0.800393224
"Quarter1","sweing","Monday",9,0.75,29.12,0,0,0.799963218
"Quarter1","finishing","Monday",12,0.75,4.08,0,0,0.740444444
"Quarter1","sweing","Monday",11,0.7,20.55,0,0,0.700398148
"Quarter1","sweing","Monday",6,0.7,18.79,0,0,0.700354545
"Quarter1","finishing","Monday",8,0.65,4.15,0,0,0.561979167
"Quarter1","finishing","Monday",1,0.75,3.94,0,0,0.504596491
"Quarter1","sweing","Monday",5,0.5,30.1,0,0,0.500801724
"Quarter1","sweing","Monday",7,0.7,24.26,0,0,0.295307738
"Quarter1","finishing","Monday",6,0.6,2.9,0,0,0.280333333
"Quarter1","sweing","Monday",8,0.65,24.26,0,0,0.260978788
"Quarter1","finishing","Tuesday",2,0.8,3.94,0,0,1.001416667
"Quarter1","sweing","Tuesday",1,0.8,22.52,0,0,1.000018551
"Quarter1","sweing","Tuesday",10,0.8,22.52,0,0,0.999995238
"Quarter1","finishing","Tuesday",1,0.8,3.94,0,0,0.99485
"Quarter1","finishing","Tuesday",8,0.7,4.15,0,0,0.976979167
"Quarter1","sweing","Tuesday",3,0.8,22.52,0,0,0.950185965
"Quarter1","sweing","Tuesday",2,0.8,22.52,0,0,0.949981609
"Quarter1","finishing","Tuesday",9,0.75,3.94,0,0,0.919954545
"Quarter1","sweing","Tuesday",4,0.8,22.52,0,0,0.800434622
"Quarter1","sweing","Tuesday",12,0.8,15.26,0,0,0.800259023
"Quarter1","finishing","Tuesday",12,0.8,4.08,0,0,0.778222222
"Quarter1","sweing","Tuesday",9,0.75,29.12,0,0,0.750593103
"Quarter1","sweing","Tuesday",11,0.7,25.31,0,0,0.700513566
"Quarter1","sweing","Tuesday",6,0.7,18.79,0,0,0.700184577
"Quarter1","sweing","Tuesday",8,0.7,24.26,0,0,0.586465465
"Quarter1","sweing","Tuesday",7,0.7,24.26,0,0,0.541517857
"Quarter1","finishing","Tuesday",4,0.8,4.3,0,0,0.5375
"Quarter1","finishing","Tuesday",6,0.7,2.9,0,0,0.495416667
"Quarter1","sweing","Tuesday",5,0.6,30.1,0,0,0.415172414
"Quarter1","sweing","Wednesday",2,0.8,22.52,0,0,1.05028058
"Quarter1","sweing","Wednesday",3,0.8,22.52,0,0,1.000230409
"Quarter1","sweing","Wednesday",10,0.8,22.52,0,0,0.999995238
"Quarter1","finishing","Wednesday",2,0.8,3.94,0,0,0.966759259
"Quarter1","finishing","Wednesday",1,0.8,3.94,0,0,0.929183333
"Quarter1","finishing","Wednesday",8,0.7,4.15,0,0,0.915766667
"Quarter1","sweing","Wednesday",1,0.8,22.52,0,0,0.900147246
"Quarter1","sweing","Wednesday",12,0.8,15.26,0,0,0.800401961
"Quarter1","sweing","Wednesday",9,0.8,22.52,0,0,0.799963218
"Quarter1","finishing","Wednesday",7,0.7,3.94,0,0,0.779791667
"Quarter1","finishing","Wednesday",9,0.75,3.94,0,0,0.755166667
"Quarter1","sweing","Wednesday",6,0.7,18.79,0,0,0.700710417
"Quarter1","sweing","Wednesday",7,0.7,24.26,0,0,0.700612069
"Quarter1","sweing","Wednesday",11,0.7,10.05,0,0,0.700278846
"Quarter1","sweing","Wednesday",8,0.7,29.12,0,0,0.700135088
"Quarter1","finishing","Wednesday",12,0.8,4.08,0,0,0.687555556
"Quarter1","sweing","Wednesday",5,0.65,30.1,10,0,0.650834808
"Quarter1","finishing","Wednesday",6,0.7,2.9,0,0,0.531666667
"Quarter1","sweing","Wednesday",4,0.35,30.1,15,0,0.350706422
"Quarter1","sweing","Thursday",2,0.8,22.52,0,0,1.000446018
"Quarter1","sweing","Thursday",1,0.8,22.52,0,0,1.000018551
"Quarter1","sweing","Thursday",10,0.8,22.52,0,0,0.999995238
"Quarter1","finishing","Thursday",2,0.8,3.94,0,0,0.999924242
"Quarter1","sweing","Thursday",3,0.8,22.52,0,0,0.950185965
"Quarter1","finishing","Thursday",6,0.7,2.9,0,0,0.9425
"Quarter1","finishing","Thursday",12,0.8,4.08,0,0,0.906666667
"Quarter1","finishing","Thursday",7,0.7,3.94,0,0,0.8471
"Quarter1","finishing","Thursday",1,0.8,3.94,0,0,0.845458333
"Quarter1","sweing","Thursday",12,0.8,15.26,0,0,0.800612676
"Quarter1","sweing","Thursday",9,0.8,29.12,0,0,0.799963218
"Quarter1","finishing","Thursday",10,0.8,3.94,0,0,0.771583333
"Quarter1","sweing","Thursday",11,0.75,10.05,0,0,0.7504
"Quarter1","sweing","Thursday",6,0.7,18.79,0,0,0.700079032
"Quarter1","sweing","Thursday",5,0.7,30.1,0,0,0.562212644
"Quarter1","sweing","Thursday",7,0.07,24.26,0,0,0.522844828
"Quarter1","sweing","Thursday",4,0.5,30.1,0,1,0.500720126
"Quarter1","sweing","Thursday",8,0.7,24.26,0,0,0.496549708
"Quarter1","finishing","Saturday",2,0.8,3.94,0,0,1.050666667
"Quarter1","sweing","Saturday",2,0.8,22.52,0,0,1.000018551
"Quarter1","sweing","Saturday",3,0.8,22.52,0,0,0.950185965
"Quarter1","sweing","Saturday",1,0.8,22.52,0,0,0.900135693
"Quarter1","sweing","Saturday",10,0.8,22.52,0,0,0.900129762
"Quarter1","finishing","Saturday",12,0.8,4.08,0,0,0.899111111
"Quarter1","finishing","Saturday",1,0.8,3.94,0,0,0.870083333
"Quarter1","finishing","Saturday",6,0.75,2.9,0,0,0.845833333
"Quarter1","sweing","Saturday",12,0.8,15.26,0,0,0.800401961
"Quarter1","sweing","Saturday",9,0.8,29.12,0,0,0.799963218
"Quarter1","finishing","Saturday",9,0.8,3.94,0,0,0.771583333
"Quarter1","sweing","Saturday",6,0.75,18.79,0,0,0.750520115
"Quarter1","sweing","Saturday",11,0.75,10.05,0,0,0.750027778
"Quarter1","finishing","Saturday",7,0.7,3.94,0,0,0.715766667
"Quarter1","sweing","Saturday",7,0.7,24.26,45,0,0.662270115
"Quarter1","sweing","Saturday",4,0.6,30.1,0,1,0.600224189
"Quarter1","sweing","Saturday",5,0.7,30.1,0,0,0.545657673
"Quarter1","finishing","Saturday",4,0.8,4.3,0,0,0.447916667
"Quarter1","sweing","Saturday",8,0.7,24.26,37,0,0.365318713
"Quarter2","sweing","Sunday",2,0.8,22.52,0,0,1.000018551
"Quarter2","finishing","Sunday",7,0.7,4.15,0,0,0.928680556
"Quarter2","sweing","Sunday",10,0.8,22.52,0,0,0.9008
"Quarter2","sweing","Sunday",1,0.8,22.52,0,0,0.900135693
"Quarter2","sweing","Sunday",3,0.8,22.52,0,0,0.900129762
"Quarter2","finishing","Sunday",1,0.8,3.94,0,0,0.893066667
"Quarter2","finishing","Sunday",12,0.8,4.08,0,0,0.891555556
"Quarter2","finishing","Sunday",2,0.8,3.94,0,0,0.875555556
"Quarter2","finishing","Sunday",8,0.7,4.15,0,0,0.840888889
"Quarter2","sweing","Sunday",12,0.8,15.26,0,0,0.800355208
"Quarter2","sweing","Sunday",9,0.8,29.12,0,0,0.799963218
"Quarter2","sweing","Sunday",6,0.75,18.79,0,0,0.75065101
"Quarter2","sweing","Sunday",11,0.75,10.05,0,0,0.750027778
"Quarter2","sweing","Sunday",5,0.7,30.1,0,0,0.700618234
"Quarter2","finishing","Sunday",6,0.75,2.9,0,0,0.610208333
"Quarter2","finishing","Sunday",9,0.8,3.94,0,0,0.607416667
"Quarter2","sweing","Sunday",4,0.65,30.1,0,1,0.568259587
"Quarter2","sweing","Sunday",7,0.7,24.26,0,0,0.355534483
"Quarter2","sweing","Sunday",8,0.7,24.26,0,0,0.353259649
"Quarter2","finishing","Monday",2,0.8,3.94,0,0,1.057962963
"Quarter2","finishing","Monday",1,0.8,3.94,0,0,0.962016667
"Quarter2","sweing","Monday",10,0.8,22.52,0,0,0.9008
"Quarter2","sweing","Monday",1,0.8,22.52,0,0,0.900509044
"Quarter2","sweing","Monday",2,0.8,22.52,0,0,0.900477825
"Quarter2","finishing","Monday",6,0.75,2.9,0,0,0.888125
"Quarter2","sweing","Monday",12,0.8,15.26,0,0,0.800401961
"Quarter2","sweing","Monday",3,0.8,22.52,0,0,0.800161172
"Quarter2","sweing","Monday",9,0.8,29.12,0,0,0.799963218
"Quarter2","sweing","Monday",4,0.7,30.1,0,1,0.790003236
"Quarter2","sweing","Monday",11,0.75,10.05,0,0,0.750648148
"Quarter2","finishing","Monday",8,0.35,4.15,0,0,0.707111111
"Quarter2","sweing","Monday",5,0.7,30.1,0,0,0.700618234
"Quarter2","finishing","Monday",9,0.8,3.94,0,0,0.697708333
"Quarter2","sweing","Monday",6,0.75,18.79,0,0,0.612517157
"Quarter2","sweing","Monday",7,0.35,30.1,0,1,0.350301724
"Quarter2","sweing","Monday",8,0.35,30.1,0,1,0.350301724
"Quarter2","finishing","Monday",12,0.8,4.08,0,0,0.272
"Quarter2","finishing","Tuesday",12,0.8,4.08,0,0,1.004888889
"Quarter2","finishing","Tuesday",2,0.8,3.94,0,0,0.966759259
"Quarter2","sweing","Tuesday",10,0.8,22.52,0,0,0.90063244
"Quarter2","sweing","Tuesday",1,0.8,22.52,0,0,0.90047076
"Quarter2","sweing","Tuesday",3,0.8,22.52,0,0,0.90047076
"Quarter2","sweing","Tuesday",2,0.8,22.52,0,0,0.899984058
"Quarter2","finishing","Tuesday",1,0.8,3.94,0,0,0.853666667
"Quarter2","sweing","Tuesday",9,0.8,29.12,0,0,0.8008
"Quarter2","sweing","Tuesday",12,0.8,15.26,0,0,0.800401961
"Quarter2","finishing","Tuesday",4,0.7,4.15,0,0,0.796755556
"Quarter2","sweing","Tuesday",6,0.75,18.79,0,0,0.750797009
"Quarter2","sweing","Tuesday",11,0.8,10.05,0,0,0.750648148
"Quarter2","sweing","Tuesday",5,0.75,30.1,0,0,0.750356125
"Quarter2","finishing","Tuesday",8,0.35,4.15,0,0,0.703770833
"Quarter2","sweing","Tuesday",4,0.7,30.1,0,1,0.700618234
"Quarter2","finishing","Tuesday",9,0.8,3.94,0,0,0.6895
"Quarter2","finishing","Tuesday",6,0.75,2.9,0,0,0.628333333
"Quarter2","sweing","Tuesday",7,0.5,30.1,0,1,0.500801724
"Quarter2","sweing","Tuesday",8,0.5,30.1,0,1,0.393548851
"Quarter2","finishing","Wednesday",4,0.7,4.15,0,0,1.033155556
"Quarter2","finishing","Wednesday",12,0.8,4.08,0,0,1.02
"Quarter2","sweing","Wednesday",2,0.8,22.52,0,0,1.000344928
"Quarter2","sweing","Wednesday",1,0.8,22.52,0,0,1.000065789
"Quarter2","finishing","Wednesday",8,0.35,4.15,0,0,0.994375
"Quarter2","finishing","Wednesday",2,0.8,3.94,0,0,0.912037037
"Quarter2","finishing","Wednesday",5,0.7,4.15,0,0,0.87
"Quarter2","sweing","Wednesday",10,0.8,22.52,0,0,0.850364583
"Quarter2","sweing","Wednesday",6,0.8,18.79,0,0,0.800947475
"Quarter2","sweing","Wednesday",12,0.8,15.26,0,0,0.800401961
"Quarter2","sweing","Wednesday",9,0.8,29.12,0,0,0.800144144
"Quarter2","sweing","Wednesday",5,0.75,30.1,0,0,0.750406233
"Quarter2","sweing","Wednesday",8,0.6,30.1,0,1,0.714410494
"Quarter2","sweing","Wednesday",4,0.7,30.1,0,1,0.700588406
"Quarter2","finishing","Wednesday",1,0.8,3.94,0,0,0.618361111
"Quarter2","sweing","Wednesday",7,0.6,30.1,0,1,0.600070513
"Quarter2","finishing","Wednesday",9,0.8,3.94,0,0,0.54175
"Quarter2","sweing","Wednesday",3,0.8,22.52,0,1,0.536901754
"Quarter2","sweing","Wednesday",11,0.35,11.41,0,1,0.507903226
"Quarter2","sweing","Thursday",1,0.8,22.52,0,0,1.100483918
"Quarter2","finishing","Thursday",4,0.7,4.15,0,0,1.096633333
"Quarter2","sweing","Thursday",2,0.8,22.52,0,0,1.000344928
"Quarter2","finishing","Thursday",12,0.8,4.08,0,0,0.838666667
"Quarter2","sweing","Thursday",12,0.8,15.26,0,0,0.800401961
"Quarter2","finishing","Thursday",8,0.35,4.15,0,0,0.755486111
"Quarter2","sweing","Thursday",5,0.75,30.1,0,0,0.750799435
"Quarter2","sweing","Thursday",6,0.8,18.79,0,0,0.688017677
"Quarter2","finishing","Thursday",1,0.8,3.94,0,0,0.664875
"Quarter2","finishing","Thursday",9,0.8,3.94,0,0,0.656666667
"Quarter2","sweing","Thursday",4,0.7,30.1,0,1,0.637711864
"Quarter2","finishing","Thursday",2,0.8,3.94,0,0,0.601944444
"Quarter2","finishing","Thursday",5,0.7,4.15,0,0,0.58
"Quarter2","sweing","Thursday",7,0.65,30.1,0,1,0.535677966
"Quarter2","sweing","Thursday",11,0.5,11.41,0,2,0.50012336
"Quarter2","sweing","Thursday",9,0.8,29.12,0,0,0.497885057
"Quarter2","sweing","Thursday",8,0.65,30.1,0,1,0.463403955
"Quarter2","sweing","Thursday",10,0.8,22.52,0,0,0.441392
"Quarter2","sweing","Thursday",3,0.35,30.1,0,1,0.350301724
"Quarter2","sweing","Saturday",1,0.8,22.52,0,0,1.000230409
"Quarter2","finishing","Saturday",7,0.7,4.15,0,0,0.929277778
"Quarter2","finishing","Saturday",4,0.75,4.15,0,0,0.902916667
"Quarter2","finishing","Saturday",12,0.8,4.08,0,0,0.800888889
"Quarter2","sweing","Saturday",12,0.8,15.26,0,0,0.800401961
"Quarter2","sweing","Saturday",2,0.8,22.52,0,0,0.80037492
"Quarter2","finishing","Saturday",1,0.8,3.94,0,0,0.796208333
"Quarter2","sweing","Saturday",4,0.75,30.1,0,1,0.750392157
"Quarter2","sweing","Saturday",5,0.75,30.1,0,0,0.750392157
"Quarter2","finishing","Saturday",8,0.7,4.15,0,0,0.725625
"Quarter2","sweing","Saturday",8,0.7,30.1,0,1,0.700206125
"Quarter2","sweing","Saturday",7,0.7,30.1,0,1,0.602
"Quarter2","sweing","Saturday",11,0.6,11.41,0,2,0.600447507
"Quarter2","sweing","Saturday",6,0.8,18.79,0,0,0.557252451
"Quarter2","sweing","Saturday",3,0.5,30.1,0,1,0.500801724
"Quarter2","finishing","Saturday",6,0.8,2.9,0,0,0.483333333
"Quarter2","finishing","Saturday",9,0.8,3.94,0,0,0.238041667
"Quarter3","finishing","Sunday",1,0.8,3.94,0,0,1.1204375
"Quarter3","finishing","Sunday",2,0.8,3.94,0,0,1.108125
"Quarter3","sweing","Sunday",1,0.8,22.52,0,0,1.000230409
"Quarter3","finishing","Sunday",12,0.8,4.08,0,0,0.876444444
"Quarter3","sweing","Sunday",12,0.8,15.26,0,0,0.800806306
"Quarter3","finishing","Sunday",5,0.75,4.15,0,0,0.760833333
"Quarter3","sweing","Sunday",5,0.8,30.1,0,0,0.722568627
"Quarter3","finishing","Sunday",11,0.6,2.9,0,0,0.715333333
"Quarter3","sweing","Sunday",7,0.7,30.1,0,1,0.700632768
"Quarter3","sweing","Sunday",8,0.7,30.1,10,1,0.700573099
"Quarter3","sweing","Sunday",6,0.75,18.79,0,0,0.681598039
"Quarter3","sweing","Sunday",11,0.65,11.41,0,2,0.650223718
"Quarter3","finishing","Sunday",8,0.7,4.15,0,0,0.605208333
"Quarter3","finishing","Sunday",6,0.8,2.9,0,0,0.604166667
"Quarter3","sweing","Sunday",4,0.75,30.1,0,1,0.598627451
"Quarter3","sweing","Sunday",3,0.6,30.1,0,1,0.475718391
"Quarter3","sweing","Sunday",2,0.8,22.52,0,0,0.432122899
"Quarter3","finishing","Sunday",4,0.75,4.15,0,0,0.287041667
"Quarter3","sweing","Sunday",9,0.5,18.79,0,1,0.283054487
"Quarter3","sweing","Monday",1,0.8,22.52,0,0,1.000230409
"Quarter3","finishing","Monday",9,0.8,3.94,0,0,0.960433333
"Quarter3","finishing","Monday",12,0.8,4.08,0,0,0.891555556
"Quarter3","finishing","Monday",3,0.5,4.15,0,0,0.864583333
"Quarter3","sweing","Monday",3,0.65,30.1,0,1,0.802243319
"Quarter3","sweing","Monday",5,0.8,30.1,0,0,0.800980392
"Quarter3","sweing","Monday",12,0.8,15.26,0,0,0.800312375
"Quarter3","finishing","Monday",6,0.8,2.9,0,0,0.773333333
"Quarter3","sweing","Monday",6,0.75,18.79,0,0,0.75065101
"Quarter3","sweing","Monday",4,0.75,30.1,0,1,0.750356125
"Quarter3","finishing","Monday",4,0.75,4.15,0,0,0.722333333
"Quarter3","sweing","Monday",7,0.7,30.1,0,1,0.700459889
"Quarter3","finishing","Monday",5,0.75,4.15,0,0,0.629416667
"Quarter3","sweing","Monday",8,0.7,30.1,10,2,0.621971751
"Quarter3","sweing","Monday",11,0.7,11.41,0,2,0.565972222
"Quarter3","sweing","Monday",10,0.6,18.22,0,1,0.35542803
"Quarter3","sweing","Monday",9,0.6,18.79,0,1,0.329964879
"Quarter3","finishing","Monday",7,0.7,4.15,0,0,0.258
"Quarter3","sweing","Tuesday",1,0.8,22.52,0,0,1.000230409
"Quarter3","finishing","Tuesday",10,0.8,3.94,0,0,0.927541667
"Quarter3","finishing","Tuesday",7,0.7,5.13,0,0,0.91375
"Quarter3","finishing","Tuesday",12,0.8,5.13,0,0,0.9025
"Quarter3","sweing","Tuesday",12,0.8,15.26,0,0,0.800401961
"Quarter3","finishing","Tuesday",3,0.5,5.13,0,0,0.7866
"Quarter3","sweing","Tuesday",6,0.75,18.79,0,0,0.750621354
"Quarter3","sweing","Tuesday",4,0.75,30.1,0,1,0.750356125
"Quarter3","finishing","Tuesday",6,0.8,2.9,0,0,0.749166667
"Quarter3","sweing","Tuesday",7,0.7,30.1,0,1,0.700888203
"Quarter3","sweing","Tuesday",11,0.7,11.41,0,2,0.700614035
"Quarter3","sweing","Tuesday",3,0.7,30.1,0,1,0.700603448
"Quarter3","finishing","Tuesday",4,0.75,5.13,0,0,0.656666667
"Quarter3","sweing","Tuesday",5,0.8,30.1,0,0,0.653431373
"Quarter3","sweing","Tuesday",9,0.65,18.79,0,1,0.650134
"Quarter3","sweing","Tuesday",8,0.6,29.4,30,2,0.600982906
"Quarter3","finishing","Tuesday",9,0.8,3.94,0,0,0.586041667
"Quarter3","finishing","Tuesday",2,0.8,5.13,0,0,0.5814
"Quarter3","sweing","Tuesday",2,0.5,30.33,0,1,0.361071429
"Quarter3","sweing","Tuesday",10,0.65,18.22,35,1,0.302117347
"Quarter3","finishing","Wednesday",12,0.8,5.13,0,0,0.9918
"Quarter3","finishing","Wednesday",6,0.8,2.9,0,0,0.936861111
"Quarter3","finishing","Wednesday",2,0.8,5.13,0,0,0.919125
"Quarter3","sweing","Wednesday",11,0.7,11.41,0,2,0.8211125
"Quarter3","sweing","Wednesday",4,0.8,30.1,0,1,0.800980392
"Quarter3","sweing","Wednesday",5,0.8,30.1,0,0,0.800980392
"Quarter3","sweing","Wednesday",12,0.8,15.26,0,0,0.800401961
"Quarter3","sweing","Wednesday",1,0.8,22.52,0,0,0.800279693
"Quarter3","sweing","Wednesday",6,0.75,18.79,0,0,0.75065101
"Quarter3","sweing","Wednesday",7,0.75,30.1,0,1,0.75053268
"Quarter3","finishing","Wednesday",4,0.75,5.13,0,0,0.734645833
"Quarter3","sweing","Wednesday",3,0.7,30.1,0,1,0.700603448
"Quarter3","sweing","Wednesday",9,0.7,18.79,0,1,0.70009573
"Quarter3","finishing","Wednesday",7,0.7,5.13,0,0,0.671875
"Quarter3","finishing","Wednesday",10,0.8,3.94,0,0,0.64025
"Quarter3","finishing","Wednesday",8,0.7,5.13,0,0,0.58
"Quarter3","finishing","Wednesday",9,0.8,3.94,0,0,0.549791667
"Quarter3","sweing","Wednesday",2,0.6,30.33,0,1,0.328131579
"Quarter3","sweing","Wednesday",10,0.7,19.68,35,1,0.303574468
"Quarter3","finishing","Wednesday",3,0.5,5.13,0,0,0.2565
"Quarter3","sweing","Wednesday",8,0.65,29.4,30,2,0.251399254
"Quarter3","finishing","Thursday",3,0.5,5.13,0,0,0.81640625
"Quarter3","sweing","Thursday",12,0.8,15.26,0,0,0.800711494
"Quarter3","sweing","Thursday",1,0.8,22.52,0,0,0.800470513
"Quarter3","sweing","Thursday",4,0.8,30.1,0,1,0.800094017
"Quarter3","sweing","Thursday",5,0.8,30.1,15,0,0.799982853
"Quarter3","finishing","Thursday",6,0.8,2.9,0,0,0.785864198
"Quarter3","sweing","Thursday",6,0.75,18.79,0,0,0.75065101
"Quarter3","finishing","Thursday",10,0.8,3.94,0,0,0.733277778
"Quarter3","finishing","Thursday",2,0.8,5.13,0,0,0.710125
"Quarter3","sweing","Thursday",3,0.7,30.1,0,1,0.700603448
"Quarter3","sweing","Thursday",11,0.7,11.41,0,2,0.700540441
"Quarter3","sweing","Thursday",8,0.7,29.4,0,2,0.7
"Quarter3","finishing","Thursday",4,0.75,5.13,0,0,0.684027778
"Quarter3","finishing","Thursday",8,0.7,5.13,0,0,0.672135417
"Quarter3","sweing","Thursday",9,0.7,18.79,0,1,0.638614379
"Quarter3","finishing","Thursday",5,0.75,5.13,0,0,0.631354167
"Quarter3","sweing","Thursday",7,0.75,30.1,20,1,0.611140537
"Quarter3","finishing","Thursday",12,0.8,5.13,0,0,0.609583333
"Quarter3","sweing","Thursday",2,0.65,30.33,0,1,0.585315789
"Quarter3","sweing","Thursday",10,0.7,19.68,0,1,0.249416667
"Quarter4","finishing","Sunday",3,0.5,5.13,0,0,0.8721
"Quarter4","finishing","Sunday",6,0.8,2.9,0,0,0.8319375
"Quarter4","finishing","Sunday",2,0.8,5.13,0,0,0.8300625
"Quarter4","finishing","Sunday",11,0.6,2.9,0,0,0.805555556
"Quarter4","sweing","Sunday",12,0.8,15.26,0,0,0.800401961
"Quarter4","sweing","Sunday",4,0.8,30.1,0,1,0.80000295
"Quarter4","finishing","Sunday",12,0.8,5.13,0,0,0.78375
"Quarter4","finishing","Sunday",9,0.8,3.94,0,0,0.753525
"Quarter4","sweing","Sunday",6,0.75,18.79,0,0,0.75065101
"Quarter4","finishing","Sunday",1,0.8,3.94,0,0,0.727349537
"Quarter4","sweing","Sunday",8,0.7,29.4,0,2,0.700614035
"Quarter4","sweing","Sunday",2,0.7,30.33,0,1,0.700605263
"Quarter4","sweing","Sunday",11,0.75,11.41,0,2,0.672140805
"Quarter4","sweing","Sunday",9,0.7,18.79,0,1,0.627011183
"Quarter4","sweing","Sunday",3,0.7,30.1,0,2,0.626577778
"Quarter4","sweing","Sunday",10,0.7,21.25,0,1,0.456875
"Quarter4","sweing","Sunday",7,0.75,30.1,20,1,0.393548851
"Quarter4","finishing","Sunday",10,0.8,3.94,0,0,0.385791667
"Quarter4","sweing","Sunday",5,0.8,30.1,25,0,0.307501459
"Quarter4","finishing","Sunday",7,0.7,5.13,0,0,0.283958333
"Quarter4","finishing","Monday",10,0.8,3.94,0,0,0.955791667
"Quarter4","finishing","Monday",8,0.7,5.13,0,0,0.930416667
"Quarter4","finishing","Monday",12,0.8,5.13,0,0,0.9025
"Quarter4","finishing","Monday",3,0.8,5.13,0,0,0.87115
"Quarter4","sweing","Monday",12,0.8,15.26,0,0,0.800401961
"Quarter4","sweing","Monday",4,0.8,30.1,0,1,0.800137255
"Quarter4","sweing","Monday",5,0.8,30.1,0,0,0.800137255
"Quarter4","sweing","Monday",7,0.75,30.1,0,1,0.750770115
"Quarter4","sweing","Monday",6,0.75,18.79,0,0,0.75065101
"Quarter4","sweing","Monday",11,0.75,11.41,0,2,0.750293939
"Quarter4","sweing","Monday",2,0.7,30.33,0,1,0.700623
"Quarter4","sweing","Monday",8,0.7,29.4,0,2,0.700614035
"Quarter4","sweing","Monday",3,0.7,29.4,0,2,0.700362069
"Quarter4","sweing","Monday",9,0.7,18.79,0,1,0.60128
"Quarter4","sweing","Monday",10,0.7,21.25,0,1,0.417916667
"Quarter4","finishing","Monday",6,0.8,2.9,0,0,0.3715625
"Quarter4","finishing","Monday",9,0.8,2.9,0,0,0.3715625
"Quarter4","finishing","Monday",2,0.8,5.13,0,0,0.36871875
"Quarter4","finishing","Monday",7,0.7,5.13,0,0,0.356458333
"Quarter4","finishing","Tuesday",10,0.7,2.9,0,0,0.902222222
"Quarter4","finishing","Tuesday",3,0.8,4.6,0,0,0.811388889
"Quarter4","sweing","Tuesday",12,0.8,15.26,0,0,0.800401961
"Quarter4","sweing","Tuesday",5,0.8,30.1,0,0,0.800137255
"Quarter4","sweing","Tuesday",4,0.8,30.1,0,1,0.800071839
"Quarter4","finishing","Tuesday",8,0.7,4.6,0,0,0.791458333
"Quarter4","sweing","Tuesday",7,0.75,30.1,0,1,0.750727326
"Quarter4","sweing","Tuesday",6,0.75,18.79,0,0,0.75065101
"Quarter4","sweing","Tuesday",11,0.75,11.61,0,2,0.750437269
"Quarter4","sweing","Tuesday",3,0.75,29.4,0,2,0.750176991
"Quarter4","finishing","Tuesday",6,0.75,2.9,0,0,0.726933333
"Quarter4","finishing","Tuesday",9,0.7,2.9,0,0,0.726933333
"Quarter4","sweing","Tuesday",2,0.7,30.33,0,1,0.700623
"Quarter4","sweing","Tuesday",8,0.7,29.4,0,2,0.700518519
"Quarter4","sweing","Tuesday",9,0.7,18.79,0,1,0.700256795
"Quarter4","finishing","Tuesday",11,0.7,2.9,0,0,0.5046875
"Quarter4","sweing","Tuesday",10,0.7,21.25,0,1,0.471108491
"Quarter4","finishing","Tuesday",2,0.7,3.9,0,0,0.325
"Quarter4","sweing","Tuesday",1,0.6,22.53,0,1,0.268214286
"Quarter4","sweing","Wednesday",9,0.75,18.79,0,1,0.970816667
"Quarter4","finishing","Wednesday",5,0.8,4.6,0,0,0.902962963
"Quarter4","finishing","Wednesday",3,0.8,4.6,0,0,0.900833333
"Quarter4","finishing","Wednesday",12,0.8,4.6,0,0,0.899555556
"Quarter4","finishing","Wednesday",10,0.7,2.9,0,0,0.845833333
"Quarter4","sweing","Wednesday",4,0.8,30.1,0,1,0.800808642
"Quarter4","sweing","Wednesday",12,0.8,15.26,0,0,0.800401961
"Quarter4","sweing","Wednesday",7,0.8,30.1,0,2,0.800115819
"Quarter4","sweing","Wednesday",6,0.75,18.79,0,1,0.75065101
"Quarter4","sweing","Wednesday",11,0.75,11.61,0,0,0.750503571
"Quarter4","sweing","Wednesday",3,0.75,29.4,0,2,0.750206897
"Quarter4","sweing","Wednesday",8,0.7,29.4,0,1,0.700362069
"Quarter4","sweing","Wednesday",2,0.7,30.33,0,1,0.700069811
"Quarter4","sweing","Wednesday",10,0.7,21.82,0,2,0.700058333
"Quarter4","finishing","Wednesday",7,0.75,4.6,0,0,0.676666667
"Quarter4","finishing","Wednesday",8,0.7,4.6,0,0,0.658541667
"Quarter4","sweing","Wednesday",5,0.8,30.1,0,1,0.598792339
"Quarter4","sweing","Wednesday",1,0.65,22.53,0,1,0.581130952
"Quarter4","finishing","Wednesday",2,0.7,3.9,0,0,0.440375
"Quarter4","finishing","Wednesday",6,0.75,2.9,0,0,0.410833333
"Quarter4","finishing","Wednesday",9,0.7,2.9,0,0,0.410833333
"Quarter4","finishing","Thursday",3,0.8,4.6,0,0,0.921703704
"Quarter4","finishing","Thursday",5,0.8,4.6,0,0,0.921604938
"Quarter4","sweing","Thursday",7,0.8,30.1,0,1,0.800808642
"Quarter4","sweing","Thursday",11,0.8,11.61,0,2,0.800516667
"Quarter4","sweing","Thursday",12,0.8,15.26,0,0,0.800401961
"Quarter4","finishing","Thursday",1,0.5,3.94,0,0,0.768847222
"Quarter4","sweing","Thursday",6,0.75,18.79,0,0,0.75065101
"Quarter4","sweing","Thursday",3,0.75,29.4,0,2,0.750473684
"Quarter4","sweing","Thursday",9,0.75,18.79,0,1,0.750371895
"Quarter4","sweing","Thursday",8,0.75,29.4,0,2,0.750206897
"Quarter4","sweing","Thursday",10,0.7,21.82,0,1,0.700251773
"Quarter4","sweing","Thursday",2,0.7,30.33,0,1,0.66237931
"Quarter4","finishing","Thursday",12,0.8,4.6,0,0,0.590617284
"Quarter4","finishing","Thursday",2,0.7,3.9,0,0,0.5565625
"Quarter4","sweing","Thursday",4,0.8,30.1,0,2,0.495617514
"Quarter4","sweing","Thursday",5,0.35,27.48,0,1,0.449964912
"Quarter4","finishing","Thursday",10,0.7,2.9,0,0,0.410833333
"Quarter4","finishing","Thursday",9,0.75,2.9,0,0,0.4078125
"Quarter4","sweing","Thursday",1,0.35,26.66,0,2,0.378895152
"Quarter4","finishing","Thursday",8,0.75,4.6,0,0,0.376597222
"Quarter4","finishing","Thursday",6,0.75,2.9,0,0,0.271875
"Quarter4","finishing","Saturday",3,0.8,4.6,0,0,0.921703704
"Quarter4","finishing","Saturday",5,0.8,4.6,0,0,0.921604938
"Quarter4","sweing","Saturday",11,0.8,11.61,0,2,0.800779018
"Quarter4","sweing","Saturday",12,0.8,15.26,0,0,0.800260821
"Quarter4","sweing","Saturday",7,0.8,30.1,0,1,0.799982853
"Quarter4","finishing","Saturday",1,0.5,3.94,0,0,0.768847222
"Quarter4","sweing","Saturday",3,0.75,29.4,0,2,0.750716981
"Quarter4","sweing","Saturday",6,0.75,18.79,0,0,0.75065101
"Quarter4","sweing","Saturday",8,0.75,29.4,0,2,0.750425926
"Quarter4","sweing","Saturday",9,0.75,18.79,0,1,0.750395513
"Quarter4","sweing","Saturday",10,0.7,21.82,0,1,0.700236601
"Quarter4","sweing","Saturday",2,0.7,30.33,0,1,0.700211111
"Quarter4","finishing","Saturday",12,0.8,4.6,0,0,0.590617284
"Quarter4","finishing","Saturday",2,0.7,3.9,0,0,0.5565625
"Quarter4","sweing","Saturday",5,0.5,27.48,0,1,0.550403509
"Quarter4","sweing","Saturday",1,0.5,26.66,0,2,0.550349708
"Quarter4","sweing","Saturday",4,0.5,26.66,0,2,0.500258046
"Quarter4","finishing","Saturday",10,0.7,2.9,0,0,0.410833333
"Quarter4","finishing","Saturday",9,0.75,2.9,0,0,0.4078125
"Quarter4","finishing","Saturday",8,0.75,4.6,0,0,0.376597222
"Quarter4","finishing","Saturday",6,0.75,2.9,0,0,0.271875
"Quarter1","finishing","Sunday",3,0.8,4.6,0,0,0.936355556
"Quarter1","finishing","Sunday",8,0.75,4.6,0,0,0.813611111
"Quarter1","sweing","Sunday",12,0.8,15.26,0,0,0.800401961
"Quarter1","sweing","Sunday",8,0.75,29.4,0,0,0.75075
"Quarter1","sweing","Sunday",6,0.75,18.79,0,0,0.75065101
"Quarter1","sweing","Sunday",3,0.75,29.4,0,0,0.750473684
"Quarter1","sweing","Sunday",9,0.75,18.79,0,0,0.750395513
"Quarter1","sweing","Sunday",5,0.6,27.48,0,0,0.707446429
"Quarter1","sweing","Sunday",10,0.7,21.82,0,0,0.700236601
"Quarter1","sweing","Sunday",1,0.6,26.66,0,0,0.700019883
"Quarter1","sweing","Sunday",2,0.7,30.33,0,0,0.683550607
"Quarter1","sweing","Sunday",11,0.8,11.61,20,0,0.682433036
"Quarter1","finishing","Sunday",4,0.6,3.94,0,0,0.673083333
"Quarter1","finishing","Sunday",10,0.7,2.9,0,0,0.664583333
"Quarter1","sweing","Sunday",4,0.6,26.66,0,0,0.600239766
"Quarter1","finishing","Sunday",2,0.7,3.9,0,0,0.585
"Quarter1","sweing","Sunday",7,0.8,30.1,15,0,0.579511494
"Quarter1","finishing","Sunday",1,0.6,3.94,0,0,0.448722222
"Quarter1","finishing","Sunday",9,0.75,2.9,0,0,0.447083333
"Quarter1","finishing","Sunday",7,0.8,4.6,0,0,0.350416667
"Quarter1","finishing","Monday",2,0.7,3.9,0,0,0.92885
"Quarter1","finishing","Monday",3,0.8,4.6,0,0,0.86037037
"Quarter1","finishing","Monday",4,0.65,3.94,0,0,0.806879167
"Quarter1","sweing","Monday",1,0.65,26.66,0,0,0.800579532
"Quarter1","sweing","Monday",12,0.8,15.26,0,0,0.800401961
"Quarter1","finishing","Monday",9,0.75,2.9,0,0,0.8004
"Quarter1","sweing","Monday",11,0.8,11.61,0,0,0.800309211
"Quarter1","sweing","Monday",3,0.8,29.4,0,0,0.800149813
"Quarter1","sweing","Monday",7,0.8,30.1,0,0,0.800115819
"Quarter1","finishing","Monday",8,0.75,4.6,0,0,0.773333333
"Quarter1","sweing","Monday",6,0.75,18.79,0,0,0.750797009
"Quarter1","sweing","Monday",8,0.75,29.4,0,0,0.750473684
"Quarter1","sweing","Monday",9,0.75,18.79,0,0,0.750395513
"Quarter1","sweing","Monday",4,0.65,26.66,0,0,0.750254867
"Quarter1","sweing","Monday",5,0.65,27.48,0,0,0.700903571
"Quarter1","sweing","Monday",10,0.7,21.82,0,0,0.70013604
"Quarter1","finishing","Monday",10,0.7,2.9,0,0,0.632361111
"Quarter1","finishing","Monday",12,0.8,4.6,0,0,0.607654321
"Quarter1","finishing","Monday",1,0.65,3.94,0,0,0.537919444
"Quarter1","finishing","Monday",7,0.8,4.6,0,0,0.342361111
"Quarter1","finishing","Tuesday",7,0.8,4.6,0,0,0.999533333
"Quarter1","finishing","Tuesday",3,0.8,4.6,0,0,0.902962963
"Quarter1","sweing","Tuesday",11,0.8,11.41,0,0,0.800701754
"Quarter1","sweing","Tuesday",1,0.7,26.66,0,0,0.800566092
"Quarter1","sweing","Tuesday",12,0.8,15.26,0,0,0.800401961
"Quarter1","sweing","Tuesday",3,0.8,29.4,0,0,0.800333333
"Quarter1","sweing","Tuesday",7,0.8,30.1,0,0,0.800115819
"Quarter1","sweing","Tuesday",4,0.7,26.66,0,0,0.750770115
"Quarter1","sweing","Tuesday",8,0.75,29.4,0,0,0.750473684
"Quarter1","sweing","Tuesday",9,0.75,18.79,0,0,0.750395513
"Quarter1","sweing","Tuesday",6,0.75,20.2,0,0,0.750212553
"Quarter1","finishing","Tuesday",8,0.75,4.6,0,0,0.702777778
"Quarter1","sweing","Tuesday",5,0.7,27.48,0,0,0.700659649
"Quarter1","sweing","Tuesday",10,0.7,21.82,0,0,0.699984417
"Quarter1","finishing","Tuesday",12,0.8,4.6,0,0,0.636049383
"Quarter1","finishing","Tuesday",2,0.4,3.9,0,0,0.567377778
"Quarter1","finishing","Tuesday",1,0.7,3.94,0,0,0.555430556
"Quarter1","finishing","Tuesday",4,0.7,3.94,0,0,0.555430556
"Quarter1","finishing","Tuesday",10,0.7,2.9,0,0,0.463194444
"Quarter1","finishing","Tuesday",5,0.7,4.6,0,0,0.354444444
"Quarter1","finishing","Tuesday",6,0.75,2.9,0,0,0.309333333
"Quarter1","sweing","Tuesday",2,0.4,15.28,30,1,0.30277037
"Quarter1","finishing","Wednesday",3,0.8,4.6,0,0,0.939166667
"Quarter1","finishing","Wednesday",8,0.8,4.6,0,0,0.930416667
"Quarter1","finishing","Wednesday",12,0.8,4.6,0,0,0.885925926
"Quarter1","finishing","Wednesday",9,0.75,2.9,0,0,0.83375
"Quarter1","finishing","Wednesday",1,0.7,3.94,0,0,0.806879167
"Quarter1","finishing","Wednesday",4,0.7,3.94,0,0,0.806058333
"Quarter1","sweing","Wednesday",11,0.8,11.41,0,0,0.800701754
"Quarter1","sweing","Wednesday",12,0.8,15.26,0,0,0.800401961
"Quarter1","sweing","Wednesday",3,0.8,29.4,0,0,0.800333333
"Quarter1","sweing","Wednesday",7,0.8,30.1,0,0,0.800055762
"Quarter1","sweing","Wednesday",4,0.7,26.82,0,0,0.799975862
"Quarter1","sweing","Wednesday",1,0.7,26.82,0,0,0.750651724
"Quarter1","sweing","Wednesday",9,0.75,18.79,0,0,0.750395513
"Quarter1","sweing","Wednesday",5,0.7,27.48,0,0,0.700424138
"Quarter1","sweing","Wednesday",10,0.7,21.82,0,0,0.700058333
"Quarter1","finishing","Wednesday",7,0.8,4.6,0,0,0.684888889
"Quarter1","finishing","Wednesday",5,0.7,4.6,0,0,0.592083333
"Quarter1","finishing","Wednesday",2,0.5,3.9,0,0,0.5403125
"Quarter1","sweing","Wednesday",8,0.8,29.4,0,0,0.433263158
"Quarter1","sweing","Wednesday",2,0.5,15.28,0,1,0.404144928
"Quarter1","sweing","Wednesday",6,0.75,18.79,0,0,0.332146465
"Quarter1","finishing","Thursday",8,0.8,4.6,0,0,0.980984848
"Quarter1","finishing","Thursday",2,0.6,3.9,0,0,0.950625
"Quarter1","finishing","Thursday",11,0.8,2.9,0,0,0.927291667
"Quarter1","finishing","Thursday",12,0.8,4.6,0,0,0.868888889
"Quarter1","finishing","Thursday",1,0.7,3.94,0,0,0.812625
"Quarter1","finishing","Thursday",4,0.7,3.94,0,0,0.812625
"Quarter1","finishing","Thursday",3,0.8,4.6,0,0,0.810111111
"Quarter1","sweing","Thursday",11,0.8,11.41,0,0,0.800701754
"Quarter1","sweing","Thursday",3,0.8,29.4,0,0,0.800534979
"Quarter1","sweing","Thursday",12,0.8,15.26,0,0,0.800401961
"Quarter1","sweing","Thursday",1,0.7,26.82,0,0,0.750651724
"Quarter1","sweing","Thursday",9,0.75,18.79,0,0,0.750395513
"Quarter1","sweing","Thursday",4,0.7,26.82,0,0,0.750050847
"Quarter1","sweing","Thursday",5,0.7,27.48,0,0,0.700424138
"Quarter1","sweing","Thursday",10,0.7,21.82,0,0,0.700422
"Quarter1","sweing","Thursday",2,0.6,15.28,0,1,0.600099145
"Quarter1","finishing","Thursday",9,0.75,2.9,0,0,0.453125
"Quarter1","sweing","Thursday",7,0.8,30.1,40,0,0.366053523
"Quarter1","sweing","Thursday",6,0.35,22.53,0,1,0.26369382
"Quarter1","finishing","Saturday",12,0.8,4.6,0,0,0.868888889
"Quarter1","sweing","Saturday",12,0.8,15.26,0,0,0.850520588
"Quarter1","sweing","Saturday",1,0.7,26.82,0,0,0.850045
"Quarter1","finishing","Saturday",7,0.8,4.6,0,0,0.825444444
"Quarter1","finishing","Saturday",5,0.35,3.94,0,0,0.80575
"Quarter1","sweing","Saturday",4,0.7,26.82,0,0,0.800746552
"Quarter1","sweing","Saturday",3,0.8,29.4,0,1,0.800578947
"Quarter1","sweing","Saturday",11,0.8,11.41,0,0,0.800034503
"Quarter1","finishing","Saturday",6,0.5,2.9,0,0,0.7975
"Quarter1","sweing","Saturday",9,0.75,18.79,0,0,0.749987124
"Quarter1","sweing","Saturday",10,0.7,21.82,0,0,0.700422
"Quarter1","finishing","Saturday",1,0.7,3.94,0,0,0.664875
"Quarter1","finishing","Saturday",4,0.7,3.94,0,0,0.664875
"Quarter1","finishing","Saturday",11,0.8,2.9,0,0,0.657083333
"Quarter1","sweing","Saturday",2,0.65,16.1,0,1,0.65024031
"Quarter1","finishing","Saturday",8,0.8,4.6,0,0,0.590740741
"Quarter1","finishing","Saturday",2,0.65,3.9,0,0,0.528125
"Quarter1","sweing","Saturday",6,0.5,23.41,0,1,0.500528095
"Quarter1","sweing","Saturday",5,0.7,27.48,0,1,0.408960345
"Quarter2","finishing","Sunday",3,0.8,4.6,0,0,0.951944444
"Quarter2","finishing","Sunday",12,0.8,4.6,0,0,0.945555556
"Quarter2","finishing","Sunday",9,0.75,2.9,0,0,0.929074074
"Quarter2","finishing","Sunday",1,0.75,3.94,0,0,0.890604167
"Quarter2","finishing","Sunday",4,0.75,3.94,0,0,0.890604167
"Quarter2","finishing","Sunday",2,0.7,3.9,0,0,0.884
"Quarter2","finishing","Sunday",5,0.5,3.94,0,0,0.857916667
"Quarter2","sweing","Sunday",4,0.75,26.82,0,0,0.850084211
"Quarter2","sweing","Sunday",1,0.75,26.82,0,0,0.85007069
"Quarter2","sweing","Sunday",3,0.8,30.1,0,1,0.800511068
"Quarter2","sweing","Sunday",12,0.8,15.26,0,0,0.800401961
"Quarter2","sweing","Sunday",11,0.8,11.41,0,0,0.800034503
"Quarter2","finishing","Sunday",11,0.8,2.9,0,0,0.755208333
"Quarter2","sweing","Sunday",9,0.75,18.79,0,0,0.750371895
"Quarter2","sweing","Sunday",10,0.7,21.82,0,0,0.700422
"Quarter2","sweing","Sunday",2,0.7,16.1,0,1,0.700106061
"Quarter2","sweing","Sunday",6,0.6,23.41,0,1,0.601037091
"Quarter2","sweing","Sunday",8,0.6,30.48,0,1,0.600528571
"Quarter2","sweing","Sunday",5,0.5,26.82,0,1,0.500033898
"Quarter2","finishing","Sunday",8,0.6,3.9,0,0,0.4509375
"Quarter2","finishing","Sunday",10,0.7,2.9,0,0,0.441041667
"Quarter2","finishing","Sunday",6,0.6,2.9,0,0,0.271875
"Quarter2","finishing","Monday",11,0.8,2.9,0,0,0.960625
"Quarter2","finishing","Monday",12,0.8,4.6,0,0,0.902962963
"Quarter2","finishing","Monday",5,0.6,3.94,0,0,0.864342593
"Quarter2","sweing","Monday",4,0.75,26.82,0,0,0.850446154
"Quarter2","sweing","Monday",1,0.75,26.82,0,0,0.850426891
"Quarter2","finishing","Monday",9,0.75,2.9,0,0,0.841
"Quarter2","sweing","Monday",3,0.8,30.1,0,1,0.800842424
"Quarter2","sweing","Monday",12,0.8,15.26,0,0,0.800401961
"Quarter2","sweing","Monday",11,0.8,11.41,0,0,0.800034503
"Quarter2","finishing","Monday",3,0.8,4.6,0,0,0.795416667
"Quarter2","finishing","Monday",4,0.75,3.94,0,0,0.7953875
"Quarter2","finishing","Monday",1,0.75,3.94,0,0,0.794566667
"Quarter2","sweing","Monday",9,0.75,18.79,0,0,0.750395513
"Quarter2","sweing","Monday",2,0.7,16.1,0,1,0.700516224
"Quarter2","sweing","Monday",10,0.7,21.82,0,0,0.700422
"Quarter2","finishing","Monday",2,0.7,3.9,0,0,0.6825
"Quarter2","sweing","Monday",6,0.65,23.41,0,1,0.650962281
"Quarter2","sweing","Monday",8,0.65,30.48,0,1,0.650421429
"Quarter2","sweing","Monday",5,0.6,26.82,0,1,0.600040678
"Quarter2","sweing","Monday",7,0.5,30.48,0,1,0.500610909
"Quarter2","finishing","Monday",10,0.7,2.9,0,0,0.477291667
"Quarter2","finishing","Monday",8,0.65,3.9,0,0,0.2640625
"Quarter2","finishing","Tuesday",12,0.8,4.6,0,0,0.92
"Quarter2","finishing","Tuesday",5,0.6,3.94,0,0,0.909391667
"Quarter2","sweing","Tuesday",1,0.75,26.82,0,0,0.900061017
"Quarter2","finishing","Tuesday",3,0.8,4.6,0,0,0.894444444
"Quarter2","finishing","Tuesday",4,0.75,3.94,0,0,0.881575
"Quarter2","finishing","Tuesday",1,0.75,3.94,0,0,0.880754167
"Quarter2","sweing","Tuesday",4,0.75,26.82,0,0,0.850084211
"Quarter2","finishing","Tuesday",9,0.75,2.9,0,0,0.821666667
"Quarter2","sweing","Tuesday",12,0.8,15.26,0,0,0.800401961
"Quarter2","sweing","Tuesday",3,0.8,30.1,0,1,0.800071839
"Quarter2","sweing","Tuesday",11,0.8,11.41,0,0,0.800034503
"Quarter2","finishing","Tuesday",11,0.8,2.9,0,0,0.758229167
"Quarter2","sweing","Tuesday",10,0.75,21.82,0,0,0.750608
"Quarter2","sweing","Tuesday",9,0.75,18.79,0,0,0.750395513
"Quarter2","finishing","Tuesday",2,0.7,3.9,0,0,0.741
"Quarter2","sweing","Tuesday",8,0.7,30.48,0,1,0.700505263
"Quarter2","sweing","Tuesday",6,0.7,23.41,0,1,0.700246491
"Quarter2","sweing","Tuesday",2,0.7,16.1,0,1,0.700051852
"Quarter2","sweing","Tuesday",5,0.65,26.82,0,1,0.650044068
"Quarter2","sweing","Tuesday",7,0.6,30.48,0,1,0.630402924
"Quarter2","finishing","Tuesday",8,0.65,3.9,0,0,0.560625
"Quarter2","finishing","Tuesday",7,0.5,3.9,0,0,0.560625
"Quarter2","finishing","Tuesday",10,0.7,2.9,0,0,0.39875
"Quarter2","finishing","Wednesday",12,0.8,4.6,0,0,0.922839506
"Quarter2","finishing","Wednesday",11,0.8,2.9,0,0,0.874027778
"Quarter2","finishing","Wednesday",2,0.75,3.9,0,0,0.819270833
"Quarter2","finishing","Wednesday",4,0.75,3.94,0,0,0.813309028
"Quarter2","finishing","Wednesday",1,0.75,3.94,0,0,0.812625
"Quarter2","sweing","Wednesday",12,0.8,15.26,0,0,0.800401961
"Quarter2","sweing","Wednesday",3,0.8,30.1,0,1,0.800071839
"Quarter2","sweing","Wednesday",11,0.8,11.41,0,0,0.800034503
"Quarter2","finishing","Wednesday",3,0.8,4.6,0,0,0.786631944
"Quarter2","finishing","Wednesday",5,0.7,3.94,0,0,0.75885
"Quarter2","sweing","Wednesday",10,0.75,21.82,0,0,0.750608
"Quarter2","sweing","Wednesday",9,0.75,18.79,0,0,0.750347333
"Quarter2","sweing","Wednesday",2,0.75,16.1,0,1,0.750140741
"Quarter2","sweing","Wednesday",1,0.75,26.82,0,0,0.750050847
"Quarter2","sweing","Wednesday",4,0.75,26.82,0,0,0.750050847
"Quarter2","sweing","Wednesday",5,0.7,26.82,0,1,0.700556897
"Quarter2","sweing","Wednesday",8,0.7,30.48,0,1,0.700505263
"Quarter2","sweing","Wednesday",6,0.7,23.41,0,1,0.700246491
"Quarter2","sweing","Wednesday",7,0.65,30.48,0,1,0.650596491
"Quarter2","finishing","Wednesday",10,0.75,2.9,0,0,0.628333333
"Quarter2","finishing","Wednesday",8,0.7,3.9,0,0,0.625625
"Quarter2","finishing","Wednesday",7,0.65,3.9,0,0,0.625625
"Quarter2","finishing","Wednesday",9,0.75,2.9,0,0,0.505888889
"Quarter2","finishing","Wednesday",6,0.7,2.9,0,0,0.394722222
